time,seconds_elapsed,qw,qx,qy,qz
1146143391835,0.037202041,0.8306258,0.5325458,0.100038655,0.12824987
1146163410993,0.057221199,0.83154833,0.5311464,0.09892274,0.12893924
1146183460669,0.077270875,0.8332801,0.52835673,0.09891938,0.12922245
1146203479828,0.097290034,0.8350186,0.52546674,0.10096319,0.12819935
1146223529504,0.11733971,0.8350582,0.52523005,0.10325994,0.12707737
1146243579180,0.137389386,0.83378905,0.5274378,0.1022567,0.12707864
1146263598338,0.157408544,0.8322747,0.52994144,0.10070511,0.12782593
1146283648014,0.17745822,0.83105433,0.5320141,0.100406066,0.12739055
1146303667173,0.197477379,0.83035433,0.5333063,0.10112901,0.1259723
1146323716849,0.217527055,0.8296073,0.534646,0.10064084,0.12560591
1146343766525,0.237576731,0.82855374,0.53652066,0.09946691,0.12550224
1146363785683,0.257595889,0.82971275,0.5351815,0.09672097,0.1257085
1146383835359,0.277645565,0.8305362,0.534353,0.097012535,0.12355281
1146403854518,0.297664724,0.83081454,0.53440934,0.097797856,0.120786875
1146423904194,0.3177144,0.83084303,0.5347611,0.09733227,0.11940281
1146443923352,0.337733558,0.8307456,0.5351569,0.09750577,0.11815901
1146463973028,0.357783234,0.83042425,0.53596526,0.097563855,0.11669642
1146483992187,0.377802393,0.8301383,0.5368129,0.09718439,0.1151415
1146504041863,0.397852069,0.8306109,0.53642684,0.09677477,0.113870725
1146524091539,0.417901745,0.83141583,0.53549683,0.09643118,0.112658426
1146544141215,0.437951421,0.8321031,0.53479713,0.09608961,0.11119074
1146564190891,0.458001097,0.83303344,0.5338048,0.09548887,0.1094978
1146584301601,0.478111807,0.83402306,0.5326173,0.09495015,0.10820721
1146604320759,0.498130965,0.834715,0.5317575,0.0945769,0.10742479
1146624370435,0.518180641,0.8351171,0.5312802,0.0943621,0.10684805
1146644389594,0.5381998,0.8353427,0.5310301,0.09435379,0.10633418
1146664408752,0.558218958,0.8355007,0.53077525,0.09482798,0.10594255
1146684458428,0.578268634,0.8356094,0.5304514,0.09584928,0.10578866
1146704508104,0.59831831,0.83542186,0.5304466,0.09722535,0.106038615
1146724527263,0.618337469,0.8347534,0.5311612,0.09865425,0.10640457
1146744546421,0.638356627,0.8337957,0.5323912,0.10003738,0.106474765
1146764596097,0.658406303,0.83320856,0.5332307,0.10084065,0.10611199
1146784615256,0.678425462,0.8329561,0.53361475,0.10138411,0.105644494
1146804664932,0.698475138,0.8326969,0.53397626,0.101803705,0.10545787
1146824714608,0.718524814,0.8322736,0.53461874,0.102079324,0.10527702
1146844733766,0.738543972,0.8316676,0.53561765,0.10205473,0.10501293
1146864813960,0.758624166,0.8311836,0.53648823,0.10171751,0.10472735
1146884863635,0.778673841,0.83102155,0.5368142,0.101210855,0.10483391
1146904882794,0.798693,0.83110297,0.53674996,0.100604914,0.105099626
1146924901953,0.818712159,0.8311599,0.5366832,0.100367,0.10521902
1146944951629,0.838761835,0.8310793,0.53680503,0.10028313,0.10531374
1146964970787,0.858780993,0.83113813,0.5367937,0.10009489,0.10508496
1146984989946,0.878800152,0.83128965,0.5366384,0.10052277,0.1042696
1147005039622,0.898849828,0.8313543,0.5366174,0.10026594,0.10410822
1147025089298,0.918899504,0.8313307,0.536567,0.10052386,0.104308
1147045108456,0.938918662,0.8313064,0.536434,0.1013335,0.1044027
1147065158132,0.958968338,0.8312375,0.53635037,0.10224398,0.1044931
1147085177291,0.978987497,0.83115715,0.5364072,0.10262329,0.104468524
1147105226967,0.999037173,0.8312371,0.536336,0.102361925,0.10445503
1147125246125,1.019056331,0.8313542,0.5363183,0.10148535,0.10446942
1147145295801,1.039106007,0.83151746,0.53622985,0.100709006,0.104374796
1147165314960,1.059125166,0.8315363,0.53625065,0.10024873,0.1045606
1147185364636,1.079174842,0.8314953,0.53630435,0.10026498,0.10459594
1147205383795,1.099194001,0.8317043,0.53604996,0.09985587,0.10462951
1147225402954,1.11921316,0.8321264,0.5354626,0.09928852,0.1048212
1147245452630,1.139262836,0.83234566,0.5353246,0.098151684,0.10485465
1147265471788,1.159281994,0.83263665,0.53520966,0.09585678,0.10525425
1147285521464,1.17933167,0.83339304,0.5344972,0.093133256,0.10533284
1147305540623,1.199350829,0.83421206,0.5339006,0.0895196,0.10500789
1147325590299,1.219400505,0.8354201,0.5327389,0.08551854,0.10463789
1147345609457,1.239419663,0.83764696,0.5301788,0.081814095,0.10278412
1147365659133,1.259469339,0.8413789,0.52542204,0.08124659,0.097017184
1147385678292,1.279488498,0.84633577,0.51892096,0.0820886,0.087741055
1147405727968,1.299538174,0.8517377,0.51158494,0.08367365,0.07630558
1147425777644,1.31958785,0.8565421,0.5044005,0.08869866,0.06362785
1147445796802,1.339607008,0.85964787,0.49844474,0.09940265,0.051746834
1147465846478,1.359656684,0.86118364,0.49358746,0.11301926,0.044282068
1147485865637,1.379675843,0.8623832,0.48876837,0.1252927,0.041262776
1147505884795,1.399695001,0.86396706,0.48416045,0.13231438,0.04052899
1147525934471,1.419744677,0.8661782,0.48005363,0.13288203,0.040327102
1147545953630,1.439763836,0.8683587,0.47703725,0.1291944,0.041202415
1147565972789,1.459782995,0.86999816,0.47558922,0.12275551,0.043005086
1147585991948,1.479802154,0.87105453,0.47535548,0.11490741,0.04579811
1147606011106,1.499821312,0.87078905,0.47724745,0.10697008,0.05018771
1147626060782,1.519870988,0.8690609,0.4812262,0.10003429,0.056105483
1147646079941,1.539890147,0.8670628,0.4853329,0.09386872,0.061991174
1147666099099,1.559909305,0.8656061,0.48829788,0.088162825,0.067221224
1147686148775,1.579958981,0.8653293,0.48889926,0.08508574,0.07030738
1147706167935,1.599978141,0.86493796,0.4903026,0.076996796,0.07454814
1147726217610,1.620027816,0.8642625,0.49218923,0.06766295,0.07887832
1147746236769,1.640046975,0.8629291,0.4948231,0.06220502,0.08144991
1147766255928,1.660066134,0.86142975,0.4975144,0.060256556,0.08238606
1147786305604,1.68011581,0.86011064,0.49966642,0.061869226,0.081948064
1147806355280,1.700165486,0.85922086,0.5008632,0.066046305,0.08070644
1147826374438,1.720184644,0.85874796,0.5009257,0.07173782,0.080492765
1147846393597,1.740203803,0.85851306,0.5003271,0.07767706,0.08120606
1147866443273,1.760253479,0.85833836,0.49943638,0.08342723,0.08281608
1147886462432,1.780272638,0.8578869,0.49903524,0.0885379,0.08458784
1147906512108,1.800322314,0.85809755,0.49762112,0.0934157,0.0855302
1147926531266,1.820341472,0.8595999,0.4943899,0.09678113,0.085441865
1147946580942,1.840391148,0.8615982,0.4906053,0.09904719,0.08452698
1147966600101,1.860410307,0.8641782,0.4860359,0.10036454,0.08301885
1147986649777,1.880459983,0.8673018,0.48061377,0.101147704,0.08103785
1148006668935,1.900479141,0.8695056,0.47648346,0.103658125,0.07860547
1148026718611,1.920528817,0.87183636,0.4721373,0.105601765,0.07639436
1148046737770,1.940547976,0.87468636,0.46692723,0.10666639,0.074331135
1148066756929,1.960567135,0.8782925,0.46040082,0.10643475,0.07283667
1148086806605,1.980616811,0.8816793,0.45429787,0.10514563,0.072108366
1148106825764,2.00063597,0.8840854,0.45006368,0.10332302,0.07183474
1148126875440,2.020685646,0.88526106,0.44804287,0.10202535,0.071843535
1148146894598,2.040704804,0.8853384,0.44785637,0.101886995,0.07224763
1148166944274,2.06075448,0.8841389,0.44991955,0.102533214,0.07319668
1148186963433,2.080773639,0.88173056,0.45451033,0.10228655,0.0742236
1148206982591,2.100792797,0.87850034,0.46098292,0.100569606,0.074952
1148227032267,2.120842473,0.87465394,0.46881402,0.09765331,0.07521916
1148247051426,2.140861632,0.8704162,0.4771253,0.095025964,0.075479485
1148267070585,2.160880791,0.86731124,0.483034,0.093197815,0.07591854
1148287120260,2.180930466,0.86284393,0.49073452,0.093688466,0.0768282
1148307139420,2.200949626,0.858008,0.4986712,0.09548761,0.07766163
1148327158578,2.220968784,0.85413915,0.5048228,0.097460255,0.0781156
1148347177737,2.240987943,0.8517198,0.5085668,0.09886877,0.07847437
1148367196895,2.261007101,0.851298,0.50936556,0.09863101,0.07816952
1148387216055,2.281026261,0.8527743,0.50719506,0.097494885,0.077613726
1148407265730,2.301075936,0.8553052,0.5031318,0.09653408,0.07741206
1148427284889,2.321095095,0.8588418,0.4971784,0.09608572,0.077278845
1148447304048,2.341114254,0.863686,0.4889045,0.09556996,0.07671549
1148467323206,2.361133412,0.8699154,0.4780736,0.09466407,0.07570774
1148487372882,2.381183088,0.8767881,0.4657698,0.09342807,0.07464858
1148507392041,2.401202247,0.88327724,0.45377532,0.092008516,0.07378205
1148527411200,2.421221406,0.88815814,0.4444263,0.09073913,0.0736665
1148547430359,2.441240565,0.8900993,0.44037506,0.09030258,0.07509144
1148567480035,2.461290241,0.88831407,0.4433603,0.091139875,0.07760979
1148587499194,2.4813094,0.884734,0.44994357,0.09195804,0.079626545
1148607609903,2.501420109,0.88078296,0.4573723,0.09247757,0.08049846
1148627629062,2.521439268,0.8764606,0.46548024,0.09292225,0.08068697
1148647648220,2.541458426,0.87315017,0.47169113,0.09313043,0.08026951
1148667697896,2.561508102,0.86990917,0.47768068,0.09360466,0.079482146
1148687717055,2.581527261,0.8668499,0.48332644,0.09355708,0.07882836
1148707736215,2.601546421,0.8647199,0.48730224,0.092937075,0.078478135
1148727785889,2.621596095,0.86402595,0.48885325,0.09185945,0.07773982
1148747805049,2.641615255,0.86489373,0.48760277,0.09070506,0.0772977
1148767824208,2.661634414,0.86703765,0.48393142,0.089761876,0.07745356
1148787873884,2.68168409,0.8703641,0.47809324,0.08880983,0.07749786
1148807893042,2.701703248,0.87456834,0.47065538,0.08738949,0.07731005
1148827912201,2.721722407,0.8792223,0.4622875,0.08548401,0.077143095
1148847961877,2.741772083,0.8841315,0.4532648,0.083159216,0.07711825
1148868011553,2.761821759,0.8888766,0.44433826,0.08064611,0.07718929
1148888030711,2.781840917,0.8923854,0.43762937,0.07842338,0.07732194
1148908049870,2.801860076,0.89446306,0.43354964,0.07669118,0.078032605
1148928099546,2.821909752,0.8948508,0.4325555,0.07632737,0.07944756
1148948118705,2.841928911,0.89290476,0.43607014,0.07700092,0.08145464
1148968168380,2.861978586,0.88924664,0.44294402,0.07812079,0.08329616
1148988187540,2.881997746,0.88459736,0.45176688,0.07920128,0.084389016
1149008206698,2.902016904,0.87974554,0.4608969,0.08015762,0.08483326
1149028256374,2.92206658,0.87530506,0.4690263,0.08169418,0.084744334
1149048275533,2.942085739,0.8715655,0.47552836,0.08378985,0.08500424
1149068294691,2.962104897,0.86789095,0.4817014,0.0858698,0.085764825
1149088344367,2.982154573,0.8648948,0.48656952,0.08769074,0.08670407
1149108363526,3.002173732,0.862934,0.48965245,0.08912797,0.08741594
1149128382685,3.022192891,0.86222607,0.4907558,0.08956825,0.08776429
1149148432360,3.042242566,0.8629694,0.48960647,0.08907289,0.087380596
1149168451520,3.062261726,0.8648764,0.48651758,0.08791139,0.08695511
1149188501195,3.082311401,0.8676094,0.48190752,0.08698737,0.08632802
1149208520354,3.10233056,0.87144345,0.47518072,0.08613841,0.085847735
1149228570029,3.122380235,0.87633896,0.46643418,0.08470071,0.085410915
1149248589189,3.142399395,0.8819694,0.45618165,0.082816094,0.08467463
1149268638865,3.162449071,0.8871205,0.4464975,0.08094149,0.08429616
1149288658023,3.182468229,0.89065254,0.43975475,0.07923056,0.08412103
1149308677182,3.202487388,0.8920507,0.43700218,0.07856338,0.084276274
1149328726858,3.222537064,0.8914206,0.43793884,0.07948028,0.085216954
1149348746016,3.242556222,0.88899267,0.44225496,0.08114126,0.086709835
1149368795692,3.262605898,0.8855019,0.4486626,0.08278733,0.08794671
1149388814851,3.282625057,0.88109493,0.45676783,0.084477305,0.08887375
1149408864527,3.302674733,0.8765209,0.4651342,0.085799485,0.089442
1149428883685,3.322693891,0.87363744,0.47023028,0.08761385,0.089247264
1149448933361,3.342743567,0.87000006,0.47671193,0.08896603,0.08905486
1149468952520,3.362762726,0.8669608,0.48195028,0.09012386,0.08933457
1149489002196,3.382812402,0.8647466,0.48564005,0.091409214,0.089506626
1149509021354,3.40283156,0.8635582,0.48752406,0.09244714,0.08967323
1149529071030,3.422881236,0.8635136,0.48744586,0.09288995,0.09006895
1149549090190,3.442900396,0.8645652,0.48559076,0.092626505,0.09027277
1149569139865,3.462950071,0.86634445,0.48257005,0.09199134,0.090061605
1149589159024,3.48296923,0.86871755,0.47847992,0.091416895,0.08960908
1149609208699,3.503018905,0.87204593,0.47270542,0.090398535,0.08895949
1149629319409,3.523129615,0.87619025,0.4655524,0.08835059,0.08801117
1149649338569,3.543148775,0.88051075,0.45799762,0.08534361,0.0874958
1149669388245,3.563198451,0.8841052,0.4515622,0.08222618,0.0876849
1149689407403,3.583217609,0.8857735,0.44852546,0.08006084,0.088434026
1149709426562,3.603236768,0.88584095,0.44831637,0.0795012,0.08931988
1149729476238,3.623286444,0.8847703,0.45004064,0.08044088,0.09041143
1149749495396,3.643305602,0.88332903,0.45252097,0.081581905,0.09109936
1149769514555,3.663324761,0.8818832,0.45507172,0.082740806,0.09135551
1149789564231,3.683374437,0.8807594,0.45707083,0.0836245,0.091411136
1149809583389,3.703393595,0.87952685,0.45939237,0.08390239,0.09138816
1149829633065,3.723443271,0.87840366,0.46147504,0.08399158,0.09161522
1149849652224,3.74346243,0.87698346,0.46400738,0.08408353,0.09234229
1149869701900,3.763512106,0.875723,0.46620223,0.08418323,0.093155585
1149889721059,3.783531265,0.8749993,0.46743166,0.084217384,0.09376312
1149909770734,3.80358094,0.87563974,0.4662884,0.084183685,0.093506806
1149929789894,3.8236001,0.8768456,0.4642973,0.08345583,0.092763
1149949809052,3.843619258,0.8781331,0.46217164,0.08264915,0.09191719
1149969858728,3.863668934,0.8789297,0.46098328,0.081049435,0.09169489
1149989877887,3.883688093,0.87975544,0.45957696,0.08084861,0.091011286
1150009927563,3.903737769,0.88088053,0.45757776,0.08160994,0.08951021
1150029946721,3.923756927,0.882282,0.45517188,0.082313575,0.087302
1150049996397,3.943806603,0.88341033,0.4532577,0.08333815,0.08484431
1150070015556,3.963825762,0.884108,0.4520251,0.085151844,0.082314685
1150090065232,3.983875438,0.88483095,0.45058224,0.08796859,0.07944473
1150110084390,4.003894596,0.88540924,0.44913885,0.09195429,0.07661077
1150130134066,4.023944272,0.88568646,0.4480974,0.09612145,0.07435625
1150150153225,4.043963431,0.8856739,0.44794825,0.09736898,0.07378066
1150170202901,4.064013107,0.88566864,0.44798678,0.097027995,0.07405728
1150190222059,4.084032265,0.8856463,0.44811052,0.09602517,0.07487863
1150210271735,4.104081941,0.88535386,0.44867882,0.09502879,0.07619299
1150230290894,4.1241011,0.88476104,0.4496499,0.09467836,0.07777476
1150250310053,4.144120259,0.88381094,0.45149085,0.093077734,0.079817325
1150270359729,4.164169935,0.88305026,0.4530609,0.09121551,0.08147293
1150290409404,4.18421961,0.88243043,0.45433164,0.089700796,0.08278296
1150310428564,4.20423877,0.8818923,0.4553018,0.08878892,0.084159546
1150330478239,4.224288445,0.88148564,0.45601982,0.08779301,0.08556663
1150350497398,4.244307604,0.88111526,0.45673552,0.08620512,0.087162845
1150370547074,4.26435728,0.8809208,0.45721412,0.08375167,0.08899105
1150390566233,4.284376439,0.8808873,0.4574291,0.08098792,0.09075931
1150410615909,4.304426115,0.8807735,0.45777884,0.07884094,0.09198243
1150430635067,4.324445273,0.88048804,0.45843118,0.077789605,0.09236059
1150450684743,4.344494949,0.88030326,0.45887405,0.07764839,0.09204203
1150470703902,4.364514108,0.88053423,0.4585514,0.07834224,0.090844795
1150490753578,4.384563784,0.8809676,0.45784056,0.07978439,0.088953085
1150510772736,4.404582942,0.8814676,0.45700258,0.08157519,0.0866563
1150530822412,4.424632618,0.88202626,0.4558627,0.08447491,0.08415999
1150550841571,4.444651777,0.8825349,0.45458055,0.088302284,0.081800595
1150570891247,4.464701453,0.8830436,0.4531961,0.092035346,0.07985637
1150590910406,4.484720612,0.88339895,0.45213088,0.09464248,0.07891116
1150610960081,4.504770287,0.88337964,0.45215318,0.09418617,0.079541795
1150630979240,4.524789446,0.8832702,0.45240158,0.093168505,0.08053754
1150651028916,4.544839122,0.8832466,0.45228362,0.09337475,0.08121785
1150671048075,4.564858281,0.8828797,0.4527978,0.09355241,0.0821317
1150691067234,4.58487744,0.8821489,0.45414189,0.09268844,0.08353119
1150711116909,4.604927115,0.8814354,0.45558608,0.09099752,0.08504347
1150731136069,4.624946275,0.88084555,0.45691407,0.088679194,0.08646814
1150751155227,4.644965433,0.8802428,0.45834082,0.08581085,0.08793562
1150771204903,4.665015109,0.87963176,0.45970017,0.08345943,0.08921032
1150791254579,4.685064785,0.87914455,0.46074197,0.08222448,0.089783825
1150811273738,4.705083944,0.8790192,0.4608578,0.08365573,0.08909115
1150831292896,4.725103102,0.8788954,0.4609659,0.085279085,0.08820914
1150851342572,4.745152778,0.87923944,0.4602597,0.08695816,0.086818345
1150871361731,4.765171937,0.8796585,0.45942777,0.08848457,0.085425586
1150891411407,4.785221613,0.88005763,0.45854524,0.09043158,0.084005944
1150911430565,4.805240771,0.8803841,0.45771185,0.09251327,0.0828554
1150931480241,4.825290447,0.880638,0.45707512,0.09384597,0.08217015
1150951529917,4.845340123,0.8809483,0.45641658,0.09426466,0.082025625
1150971549076,4.865359282,0.88111913,0.45598346,0.094264686,0.082598165
1150991568234,4.88537844,0.8809008,0.45621258,0.09385233,0.08411731
1151011617910,4.905428116,0.8802806,0.4572392,0.09293727,0.086029254
1151031637069,4.925447275,0.8796208,0.45847103,0.09165164,0.08758818
1151051686745,4.945496951,0.879077,0.45962524,0.089772485,0.08893457
1151071705904,4.96551611,0.8786277,0.46068424,0.08742825,0.090220615
1151091755579,4.985565785,0.8783188,0.46143875,0.08536567,0.09134093
1151111774739,5.005584945,0.87818635,0.46178663,0.084145986,0.09198634
1151131793897,5.025604103,0.8780221,0.46211463,0.08390589,0.0921264
1151151813056,5.045623262,0.8780665,0.46207535,0.08421627,0.091615565
1151171862732,5.065672938,0.878504,0.4613679,0.085002005,0.09025077
1151191881890,5.085692096,0.8792076,0.46028835,0.08578806,0.08814294
1151211901049,5.105711255,0.87995887,0.459102,0.08675399,0.085857935
1151231950725,5.125760931,0.8805518,0.4580411,0.08842747,0.083710015
1151251969883,5.145780089,0.8810366,0.45694298,0.091151945,0.08166518
1151272019559,5.165829765,0.8815496,0.45568413,0.094178356,0.07970392
1151292038719,5.185848925,0.8820424,0.45451227,0.096345395,0.078341335
1151312088394,5.2058986,0.8825195,0.4534991,0.0972608,0.07770665
1151332107553,5.225917759,0.8828888,0.45280573,0.09724193,0.07757811
1151352126712,5.245936918,0.88306177,0.45249382,0.09694791,0.077797346
1151372176388,5.265986594,0.8830939,0.45241207,0.09666081,0.07826336
1151392195546,5.286005752,0.8829132,0.45272338,0.09647266,0.078733996
1151412245222,5.306055428,0.8826775,0.45315143,0.09629972,0.07912411
1151432264381,5.326074587,0.8825312,0.45348245,0.09588435,0.079362325
1151452314057,5.346124263,0.8824479,0.4537295,0.09531715,0.07956046
1151472333215,5.366143421,0.8824191,0.45386413,0.094771475,0.07976502
1151492382891,5.386193097,0.88242364,0.45384222,0.094476625,0.0801873
1151512402050,5.406212256,0.88250345,0.45362702,0.09426875,0.080770425
1151532421208,5.426231414,0.88257414,0.45339847,0.09422363,0.08133064
1151552440368,5.446250574,0.8825665,0.45329502,0.0944972,0.08167205
1151572490044,5.46630025,0.8826508,0.4530583,0.09480712,0.08171589
1151592509202,5.486319408,0.88285863,0.45255616,0.095147856,0.08185566
1151612558878,5.506369084,0.8831362,0.4518424,0.09549658,0.08239788
1151632578037,5.526388243,0.8837833,0.45045185,0.095543385,0.08301797
1151652597196,5.546407402,0.8847328,0.44854233,0.09523722,0.083592676
1151672646871,5.566457077,0.8859017,0.44634774,0.094310306,0.08400898
1151692696547,5.586506753,0.88703406,0.4442255,0.093319036,0.08441529
1151712715706,5.606525912,0.88801587,0.44225815,0.09289249,0.08489132
1151732734865,5.626545071,0.8889876,0.44020838,0.092911124,0.08535337
1151752784541,5.646594747,0.8898951,0.43831566,0.092805944,0.0857519
1151772803699,5.666613905,0.89067364,0.43678847,0.09229614,0.08601069
1151792822859,5.686633065,0.89124894,0.43573838,0.0915734,0.08614907
1151812872534,5.70668274,0.89161605,0.43506527,0.091059074,0.08629886
1151832891693,5.726701899,0.8918932,0.43452153,0.09083659,0.08640854
1151852941369,5.746751575,0.8919812,0.4342784,0.09093098,0.08662325
1151872960528,5.766770734,0.891955,0.43434235,0.09081664,0.086690746
1151892979686,5.786789892,0.89186525,0.43449566,0.0907953,0.08686907
1151912998845,5.806809051,0.8919557,0.43435737,0.09053425,0.08690428
1151933048521,5.826858727,0.8920475,0.43417785,0.090334706,0.08706645
1151953067679,5.846877885,0.8921218,0.4340843,0.09003869,0.08707869
1151973117355,5.866927561,0.89207333,0.43417218,0.0900125,0.08716377
1151993136514,5.88694672,0.89199597,0.43433252,0.08989815,0.08727495
1152013186190,5.906996396,0.89201045,0.43432865,0.08963476,0.08741724
1152033205348,5.927015554,0.89199704,0.43441623,0.08923581,0.08752611
1152053255024,5.94706523,0.89200133,0.43450394,0.088839725,0.087449804
1152073274184,5.96708439,0.891896,0.43470275,0.08891526,0.0874591
1152093293342,5.987103548,0.89178944,0.43487084,0.089044474,0.08757943
1152113343018,6.007153224,0.891771,0.4349541,0.088772915,0.08762808
1152133362177,6.027172383,0.89165413,0.43525794,0.08840573,0.087681495
1152153381335,6.047191541,0.8915259,0.43557495,0.08811863,0.08769978
1152173431011,6.067241217,0.89141816,0.43583864,0.087908335,0.087695055
1152193450170,6.087260376,0.89131767,0.43601656,0.08798913,0.087750986
1152213499846,6.107310052,0.8912311,0.4362031,0.0879262,0.08776654
1152233519004,6.12732921,0.8910624,0.4365201,0.08790253,0.08792737
1152253538164,6.14734837,0.89093053,0.43681958,0.08771917,0.08795946
1152273587839,6.167398045,0.8908086,0.43703583,0.08773828,0.08810149
1152293606998,6.187417204,0.8907354,0.43716124,0.08769834,0.08825897
1152313656673,6.207466879,0.89065117,0.43724245,0.08784226,0.08856253
1152333675833,6.227486039,0.89068484,0.43710268,0.087919764,0.08883631
1152353725509,6.247535715,0.8906951,0.43693346,0.088221155,0.08926572
1152373744667,6.267554873,0.8908022,0.43658075,0.08849849,0.08964852
1152393763826,6.287574032,0.89105004,0.436002,0.0885558,0.08994435
1152413813502,6.307623708,0.8913523,0.43539456,0.08828042,0.0901631
1152433832660,6.327642866,0.8916311,0.43487614,0.08776776,0.0904081
1152453882336,6.347692542,0.89186764,0.43436432,0.08749713,0.09079751
1152473901495,6.367711701,0.8920377,0.43392196,0.08752588,0.09121318
1152493951171,6.387761377,0.8922062,0.4334836,0.087530516,0.09164331
1152513970329,6.407780535,0.8925477,0.43274453,0.08722732,0.09209936
1152533989489,6.427799695,0.89303297,0.4317513,0.08666948,0.09258086
1152554039164,6.44784937,0.8935772,0.4306719,0.08603216,0.09295187
1152574058323,6.467868529,0.89399284,0.42977387,0.08573373,0.09338589
1152594107998,6.487918204,0.8943708,0.4289272,0.08557286,0.09380658
1152614157674,6.50796788,0.8947436,0.4281219,0.085317485,0.09416201
1152634176834,6.52798704,0.8951636,0.42737183,0.084507205,0.09430924
1152654195992,6.548006198,0.8956514,0.4265515,0.083375975,0.094397664
1152674249565,6.568059771,0.89610994,0.4257191,0.08246533,0.09460421
1152694299242,6.588109448,0.89637476,0.42520788,0.08200742,0.09479175
1152714318403,6.608128609,0.8964768,0.42489043,0.08209994,0.0951692
1152734337564,6.62814777,0.8965841,0.4246115,0.08215293,0.095356874
1152754387242,6.648197448,0.89675844,0.42427632,0.0819489,0.095385805
1152774406402,6.668216608,0.8969777,0.42384347,0.08173586,0.09543047
1152794456080,6.688266286,0.897208,0.42339754,0.081430145,0.09550649
1152814475240,6.708285446,0.89744675,0.42291993,0.081030905,0.09571866
1152834494400,6.728304606,0.897724,0.42235547,0.08065275,0.09593043
1152854544078,6.748354284,0.8980782,0.42160347,0.080383904,0.09614852
1152874563239,6.768373445,0.8983655,0.42095888,0.08034622,0.09631991
1152894612916,6.788423122,0.8986025,0.42045626,0.08027907,0.09636145
1152914632077,6.808442283,0.8988271,0.4200625,0.07981226,0.0963709
1152934681754,6.82849196,0.89906573,0.41970077,0.07907062,0.09633364
1152954700916,6.848511122,0.8991749,0.41954437,0.07870269,0.096295655
1152974750593,6.868560799,0.8991367,0.41956094,0.07892233,0.09640125
1152994769754,6.88857996,0.8989132,0.41988826,0.07953158,0.096559905
1153014819431,6.908629637,0.8986341,0.42040095,0.07987246,0.09664544
1153034838592,6.928648798,0.89843255,0.42086795,0.07973199,0.096602425
1153054888270,6.948698476,0.89825356,0.42131725,0.07947915,0.09651651
1153074907430,6.968717636,0.89793783,0.42202833,0.079514,0.096318334
1153094957108,6.988767314,0.897409,0.423111,0.07994808,0.096137814
1153114976268,7.008786474,0.8968322,0.4242769,0.080313586,0.09607723
1153135025946,7.028836152,0.89633846,0.42542312,0.08000453,0.09587426
1153155045106,7.048855312,0.895903,0.4266675,0.07876154,0.095443405
1153175094784,7.06890499,0.89538276,0.42804673,0.077623926,0.09507969
1153195113945,7.088924151,0.8946522,0.42931047,0.0792624,0.09490842
1153215163622,7.108973828,0.8942076,0.4302899,0.0794645,0.094492584
1153235182783,7.128992989,0.8938232,0.43128332,0.078509174,0.09439818
1153255232460,7.149042666,0.8934081,0.43220362,0.07802849,0.09451725
1153275251621,7.169061827,0.8929047,0.43312326,0.078270644,0.09486396
1153295301299,7.189111505,0.8923441,0.43408003,0.07874173,0.095374376
1153315320459,7.209130665,0.89184827,0.43497896,0.07900587,0.095698096
1153335370137,7.229180343,0.89127445,0.43601224,0.07935603,0.09605064
1153355389297,7.249199503,0.89061195,0.4372491,0.07948795,0.096463546
1153375438975,7.269249181,0.88992524,0.43848372,0.07973409,0.09699359
1153395458135,7.289268341,0.8892799,0.43954474,0.08043337,0.097531386
1153415507813,7.309318019,0.88881797,0.4403195,0.08097619,0.09779711
1153435526973,7.329337179,0.88853776,0.4408134,0.081142604,0.09798111
1153455576651,7.349386857,0.88831365,0.44119203,0.0811531,0.09829856
1153475595812,7.369406018,0.8880813,0.4416566,0.08081133,0.098593
1153495645489,7.389455695,0.8878338,0.44215098,0.08043501,0.09891478
1153515664650,7.409474856,0.8876163,0.4425019,0.08046653,0.09927017
1153535714327,7.429524533,0.8874076,0.44281626,0.08065481,0.09958116
1153555733489,7.449543695,0.88711494,0.4432714,0.0809478,0.099925324
1153575783166,7.469593372,0.88677865,0.44378212,0.08131152,0.100346245
1153595802327,7.489612533,0.8864546,0.44427276,0.08161119,0.100794785
1153615852005,7.509662211,0.8861972,0.44469228,0.08169587,0.10113896
1153635871165,7.529681371,0.8860698,0.44495466,0.0814762,0.10127914
1153655920843,7.549731049,0.8859019,0.4452635,0.08143962,0.10141896
1153676031554,7.56984176,0.885759,0.44553113,0.08146541,0.101471394
1153696081232,7.589891438,0.8855955,0.44585273,0.08148271,0.101472445
1153716100392,7.609910598,0.8854202,0.44619328,0.08135033,0.101611026
1153736119553,7.629929759,0.8852184,0.44657347,0.081228174,0.10179792
1153756169231,7.649979437,0.88497883,0.446988,0.081278086,0.10202089
1153776188391,7.669998597,0.88486636,0.44721535,0.081095,0.102145605
1153796207551,7.690017757,0.8848378,0.44727996,0.08094545,0.10222843
1153816257229,7.710067435,0.88477546,0.44736084,0.08103026,0.10234666
1153836276389,7.730086595,0.8846435,0.44751403,0.08134644,0.10256685
1153856326067,7.750136273,0.88450015,0.4476745,0.08164587,0.10286397
1153876345228,7.770155434,0.88435745,0.44785523,0.08186984,0.103125535
1153896394905,7.790205111,0.8841658,0.44817525,0.08204922,0.10323664
1153916444583,7.810254789,0.8839497,0.44855297,0.08225602,0.10328118
1153936463743,7.830273949,0.8837333,0.44890976,0.08244843,0.10343085
1153956513421,7.850323627,0.88360757,0.44914666,0.08233,0.1035699
1153976563099,7.870373305,0.883442,0.44945765,0.08214157,0.10378243
1153996582259,7.890392465,0.88314974,0.44994354,0.08228917,0.10404822
1154016601421,7.910411627,0.8827316,0.45057082,0.082916535,0.10438258
1154036651097,7.930461303,0.88229984,0.45120245,0.083617024,0.10474507
1154056670259,7.950480465,0.88188916,0.45183593,0.08411811,0.10507111
1154076719936,7.970530142,0.88159335,0.45232823,0.08429583,0.10529287
1154096739097,7.990549303,0.88140994,0.4526425,0.08433381,0.10544676
1154116788775,8.010598981,0.8812903,0.45288387,0.08421348,0.10550647
1154136807935,8.030618141,0.8811683,0.4531576,0.084028795,0.10549864
1154156827095,8.050637301,0.8810238,0.4534373,0.0839486,0.10556648
1154176876773,8.070686979,0.88087493,0.45369324,0.08398108,0.10568377
1154196895933,8.090706139,0.8807492,0.45391744,0.08406539,0.1057025
1154216945611,8.110755817,0.88067025,0.45409003,0.084022485,0.105652556
1154236964772,8.130774978,0.880607,0.45420972,0.084024146,0.10566386
1154257014449,8.150824655,0.88051915,0.45440122,0.08394772,0.10563253
1154277033610,8.170843816,0.8803668,0.45467335,0.08400927,0.10568396
1154297083287,8.190893493,0.8802708,0.45482543,0.0840738,0.10577817
1154317102448,8.210912654,0.88021237,0.4549154,0.08409002,0.10586363
1154337121609,8.230931815,0.88014376,0.4550464,0.0840382,0.10591204
1154357171286,8.250981492,0.8800791,0.45513692,0.084047556,0.10605309
1154377220964,8.27103117,0.8800376,0.45516768,0.084123224,0.10620495
1154397240125,8.291050331,0.8800125,0.4551776,0.084177725,0.106327675
1154417289802,8.311100008,0.8799659,0.45527568,0.08405909,0.10638635
1154437308963,8.331119169,0.879879,0.4554529,0.08401054,0.10638524
1154457328124,8.35113833,0.87976635,0.45562115,0.084198825,0.10644778
1154477377801,8.371188007,0.87972015,0.4556576,0.08436973,0.10653847
1154497396962,8.391207168,0.8797307,0.45563036,0.08438449,0.10655623
1154517446639,8.411256845,0.87968963,0.45564604,0.084605515,0.106652096
1154537465800,8.431276006,0.879575,0.4557476,0.08500981,0.10684331
1154557515478,8.451325684,0.87944096,0.45588446,0.08543381,0.107023425
1154577534638,8.471344844,0.87928075,0.4560739,0.08583071,0.10721584
1154597584316,8.491394522,0.8790021,0.45646495,0.086379275,0.107394904
1154617603476,8.511413682,0.8786013,0.45705658,0.087182716,0.1075088
1154637653154,8.53146336,0.8786461,0.45679983,0.08784334,0.10769693
1154657672314,8.55148252,0.8790119,0.45631507,0.08688844,0.10754043
1154677721992,8.571532198,0.87914115,0.45622793,0.08602206,0.10755093
1154697741152,8.591551358,0.8790487,0.45634142,0.08623797,0.107652105
1154717790830,8.611601036,0.87897176,0.4563735,0.086711794,0.107763395
1154737809990,8.631620196,0.87898964,0.45637676,0.0865049,0.107770205
1154757859668,8.651669874,0.8789486,0.45650965,0.08616182,0.10781596
1154777878829,8.671689035,0.87881917,0.45671496,0.08619271,0.10797761
1154797928506,8.691738712,0.87860227,0.45694718,0.086689524,0.10836173
1154817947668,8.711757874,0.8785822,0.4569948,0.086781055,0.10825089
1154837997344,8.73180755,0.87846595,0.45716473,0.08701215,0.10829145
1154858016506,8.751826712,0.8783645,0.4573436,0.08709967,0.10828764
1154878066183,8.771876389,0.8782534,0.4575771,0.08706839,0.10822779
1154898085344,8.79189555,0.8781156,0.45784172,0.087098405,0.10820337
1154918135022,8.811945228,0.8779561,0.4581077,0.087265596,0.10823778
1154938154182,8.831964388,0.87776965,0.45844293,0.087248065,0.10834392
1154958203860,8.852014066,0.8775768,0.45881653,0.087099954,0.10844374
1154978223020,8.872033226,0.8773764,0.45915636,0.0871316,0.108601496
1154998272698,8.892082904,0.8771368,0.45956516,0.08717142,0.1087755
1155018291858,8.912102064,0.8768875,0.46008638,0.08689327,0.10880466
1155038341536,8.932151742,0.876609,0.4606392,0.086717814,0.108850144
1155058360696,8.952170902,0.87623334,0.46123692,0.087042935,0.1090831
1155078410374,8.97222058,0.87589335,0.46182466,0.08720207,0.10920085
1155098429534,8.99223974,0.87560564,0.46234065,0.08724764,0.109287724
1155118448695,9.012258901,0.8752934,0.46284583,0.08738095,0.109544866
1155138498373,9.032308579,0.87495154,0.4634963,0.087252885,0.109626904
1155158517533,9.052327739,0.87465787,0.46407202,0.08717731,0.10959435
1155178567211,9.072377417,0.8743739,0.4648214,0.0862951,0.109381735
1155198586372,9.092396578,0.8741969,0.46535733,0.0852502,0.109338716
1155218605532,9.112415738,0.87389016,0.46595946,0.08503389,0.10939453
1155238655210,9.132465416,0.8734305,0.46689624,0.084704705,0.109326676
1155258674371,9.152484577,0.87289876,0.46794418,0.084464826,0.10927824
1155278724048,9.172534254,0.8724199,0.4688952,0.084106706,0.10930195
1155298743209,9.192553415,0.8720526,0.46970913,0.08334631,0.10932086
1155318762369,9.212572575,0.87168217,0.47047305,0.08273607,0.109453514
1155338812047,9.232622253,0.87127596,0.4712792,0.082389705,0.10948058
1155358831207,9.252641413,0.87084895,0.47213948,0.082238436,0.10928581
1155378880885,9.272691091,0.87051237,0.47284627,0.08194307,0.10913326
1155398900045,9.292710251,0.8702203,0.47340354,0.081524834,0.10935946
1155418919207,9.312729413,0.8699218,0.4739922,0.08102254,0.10955713
1155438938367,9.332748573,0.86961466,0.47454375,0.08070534,0.109841965
1155458988045,9.352798251,0.869346,0.47494724,0.08062431,0.11028289
1155479007205,9.372817411,0.8690758,0.4753493,0.08078732,0.11056152
1155499056883,9.392867089,0.868806,0.47574386,0.08120821,0.11067636
1155519076043,9.412886249,0.8685321,0.47612277,0.08171843,0.11082041
1155539095204,9.43290541,0.86808926,0.47668085,0.0826138,0.11122726
1155559144881,9.452955087,0.8676794,0.47726858,0.08298296,0.11162859
1155579164042,9.472974248,0.8674234,0.47768053,0.08288237,0.11193147
1155599183203,9.492993409,0.86731565,0.47800383,0.08249249,0.11167328
1155619202363,9.513012569,0.8670487,0.47854272,0.08237916,0.11152229
1155639252041,9.533062247,0.86673975,0.47937915,0.08122216,0.11117924
1155659271201,9.553081407,0.86700803,0.4792377,0.079958655,0.110612154
1155679290362,9.573100568,0.8676329,0.47843152,0.07891928,0.109945856
1155699340040,9.593150246,0.86822855,0.47753894,0.07811639,0.10969769
1155719359200,9.613169406,0.8689876,0.47638312,0.076556936,0.10981217
1155739378360,9.633188566,0.8691272,0.47600892,0.07691292,0.110081576
1155759428038,9.653238244,0.8689339,0.47609273,0.07782214,0.110604174
1155779447199,9.673257405,0.86940163,0.4752306,0.0777348,0.11069811
1155799466360,9.693276566,0.8712393,0.47194156,0.076850936,0.11093839
1155819516038,9.713326244,0.87347126,0.46812156,0.07507311,0.11078936
1155839535198,9.733345404,0.8752387,0.46520346,0.073309705,0.110311665
1155859554358,9.753364564,0.8760346,0.4640237,0.07143675,0.11019077
1155879604036,9.773414242,0.8766962,0.46304685,0.069847055,0.11005755
1155899623196,9.793433402,0.8778201,0.46108842,0.06892403,0.109904476
1155919642357,9.813452563,0.8787163,0.45937645,0.06941727,0.10960038
1155939692034,9.83350224,0.87866366,0.45919624,0.07167282,0.10932545
1155959711196,9.853521402,0.8780018,0.46003154,0.07452518,0.10922409
1155979730356,9.873540562,0.877074,0.46136704,0.076970994,0.10934895
1155999749516,9.893559722,0.8764366,0.4622523,0.078405455,0.10970215
1156019799194,9.9136094,0.8763815,0.4623056,0.07877326,0.10965405
1156039818355,9.933628561,0.876638,0.46208197,0.07806512,0.109050035
1156059837515,9.953647721,0.87691724,0.46201327,0.07631779,0.10833113
1156079856676,9.973666882,0.8772756,0.46188134,0.073931165,0.10764472
1156099906353,9.993716559,0.8774818,0.4621176,0.071110256,0.106847964
1156119925514,10.01373572,0.87738365,0.4627909,0.06884674,0.1062205
1156139944675,10.033754881,0.8771128,0.46345866,0.06820607,0.10595833
1156159994353,10.053804559,0.876753,0.4641846,0.06835546,0.10566235
1156180013513,10.073823719,0.8764853,0.46471012,0.06856967,0.10543357
1156200032673,10.093842879,0.8760531,0.46564817,0.068444915,0.10496751
1156220082351,10.113892557,0.87534577,0.46713558,0.06821745,0.10440536
1156240101511,10.133911717,0.8744153,0.46896878,0.068182096,0.10400721
1156260151189,10.153961395,0.8735141,0.47059298,0.06866583,0.10392492
1156280170349,10.173980555,0.8727335,0.47190893,0.06959245,0.103899844
1156300220027,10.194030233,0.8719852,0.4729232,0.07138185,0.10435563
1156320239188,10.214049394,0.8710456,0.47412312,0.07323231,0.10546976
1156340258349,10.234068555,0.87008923,0.4754276,0.07442025,0.10665402
1156360308027,10.254118233,0.8676895,0.4788308,0.07842355,0.10810116
1156380327187,10.274137393,0.8650997,0.4823465,0.08288318,0.10988471
1156400376865,10.294187071,0.86326766,0.48442334,0.087604165,0.11148298
1156420396025,10.314206231,0.86165434,0.48589283,0.0927477,0.11339226
1156440415186,10.334225392,0.85962903,0.48799026,0.09798373,0.11533704
1156460464863,10.354275069,0.8575553,0.49059117,0.10002084,0.11796237
1156480484024,10.37429423,0.85631555,0.4917211,0.101245,0.12117511
1156500533701,10.394343907,0.8555505,0.49269325,0.10070357,0.123067364
1156520552862,10.414363068,0.85498965,0.49354905,0.09973691,0.124316
1156540602540,10.434412746,0.85443074,0.4946344,0.09843043,0.124885924
1156560621700,10.454431906,0.8535558,0.4962846,0.097053535,0.125399
1156580640861,10.474451067,0.8530842,0.49708083,0.09670594,0.12572263
1156600690538,10.494500744,0.85259724,0.49767804,0.09743097,0.1261016
1156620709699,10.514519905,0.8519715,0.49841124,0.09829668,0.12676224
1156640759377,10.534569583,0.85123336,0.4993687,0.09899445,0.12740813
1156660778537,10.554588743,0.8503138,0.50070345,0.099543944,0.12788111
1156680797698,10.574607904,0.8494317,0.502201,0.099236,0.12811041
1156700847376,10.594657582,0.8487232,0.5035607,0.09831447,0.12817864
1156720866536,10.614676742,0.8482376,0.5046978,0.09655787,0.12825736
1156740916214,10.63472642,0.8481474,0.5052554,0.09442232,0.12824762
1156760935374,10.65474558,0.8485344,0.5050107,0.09279063,0.12784198
1156780954534,10.67476474,0.84916335,0.5042128,0.09191999,0.1274436
1156800973696,10.694783902,0.84981906,0.50324506,0.09141521,0.12726082
1156821023374,10.71483358,0.8503336,0.50248283,0.0910154,0.12712242
1156841042534,10.73485274,0.8506104,0.5020925,0.09074205,0.12700807
1156861092212,10.754902418,0.85074157,0.5019619,0.09046825,0.12684071
1156881111372,10.774921578,0.85090065,0.50184447,0.08980482,0.12671022
1156901130532,10.794940738,0.8513297,0.50137275,0.088476,0.12663086
1156921149693,10.814959899,0.8520709,0.5003905,0.0870293,0.12653257
1156941199370,10.835009576,0.8528674,0.49936542,0.085568674,0.12621182
1156961218531,10.855028737,0.8535987,0.49831975,0.084690936,0.12599248
1156981237692,10.875047898,0.8543036,0.49715853,0.08439868,0.12599944
1157001287370,10.895097576,0.85479826,0.49624085,0.08453002,0.12617293
1157021306530,10.915116736,0.8547547,0.49605227,0.0853616,0.12664923
1157041325691,10.935135897,0.85364884,0.4975548,0.08691626,0.12715505
1157061375368,10.955185574,0.8521298,0.4996408,0.08888683,0.12780058
1157081394529,10.975204735,0.8511696,0.500756,0.08882318,0.12986201
1157101413689,10.995223895,0.8511696,0.500756,0.08882318,0.12986201
1157121463367,11.015273573,0.84678054,0.50793666,0.09315994,0.12760986
1157141482527,11.035292733,0.8467557,0.5079914,0.09272847,0.12787095
1157161501689,11.055311895,0.84604657,0.5096954,0.09310724,0.12548661
1157181551365,11.075361571,0.84534895,0.5117798,0.094562344,0.12051755
1157201570527,11.095380733,0.84520894,0.51203847,0.09384909,0.120958336
1157221589687,11.115399893,0.8449933,0.51248026,0.09649569,0.11848676
1157241639365,11.135449571,0.84494907,0.512559,0.09888776,0.11647076
1157261658525,11.155468731,0.8452661,0.51218,0.10063367,0.114324145
1157281677685,11.175487891,0.84538686,0.51204187,0.10253626,0.112341315
1157301727363,11.195537569,0.84464407,0.5131065,0.104890466,0.11088799
1157321746524,11.21555673,0.84300643,0.5154175,0.10777408,0.10986243
1157341796201,11.235606407,0.8408969,0.51837176,0.110859804,0.10905682
1157361815362,11.255625568,0.8392309,0.5206409,0.11340303,0.10846348
1157381865040,11.275675246,0.8385768,0.5214913,0.11462333,0.10815417
1157401884201,11.295694407,0.83870465,0.5213842,0.11460385,0.10769963
1157421903361,11.315713567,0.8387553,0.5214169,0.11514976,0.10655792
1157441953039,11.335763245,0.8382773,0.5218367,0.11767024,0.105506346
1157461972199,11.355782405,0.83761215,0.5222711,0.120877914,0.105011344
1157482021877,11.375832083,0.83697665,0.52267253,0.1231852,0.10539954
1157502041037,11.395851243,0.8361898,0.523322,0.124841124,0.106467925
1157522060198,11.415870404,0.8354597,0.523967,0.12645185,0.10712496
1157542109876,11.435920082,0.8341612,0.5257604,0.12769458,0.106981635
1157562129036,11.455939242,0.8325263,0.52785546,0.1294849,0.10724865
1157582148197,11.475958403,0.8319722,0.5279595,0.13187768,0.1081176
1157602197874,11.49600808,0.83341646,0.52600515,0.13102327,0.10755754
1157622217035,11.516027241,0.8353468,0.523951,0.12775186,0.10653932
1157642236196,11.536046402,0.8366781,0.52262944,0.12452051,0.10640866
1157662285873,11.556096079,0.8371763,0.5217096,0.1236206,0.10804106
1157682305034,11.57611524,0.83743155,0.52063346,0.12462386,0.110082194
1157702324194,11.5961344,0.8376669,0.51974046,0.1253836,0.11163799
1157722343355,11.616153561,0.83808166,0.51886946,0.12582128,0.11208375
1157742393032,11.636203238,0.83794147,0.5193872,0.123655885,0.11313879
1157762503744,11.65631395,0.8380422,0.51963824,0.12097223,0.11413704
1157782522905,11.676333111,0.83831614,0.5195439,0.118713275,0.114923686
1157802572582,11.696382788,0.8389532,0.51876783,0.11666687,0.11587292
1157822591743,11.716401949,0.83968735,0.51779014,0.114547215,0.1170366
1157842610904,11.73642111,0.8402549,0.51696444,0.11250639,0.118582785
1157862660582,11.756470788,0.8408428,0.5160292,0.11060431,0.12026613
1157882679742,11.776489948,0.8418349,0.5147245,0.10792577,0.12134501
1157902698902,11.796509108,0.84307384,0.5127588,0.106427364,0.12238502
1157922748580,11.816558786,0.84359044,0.51161116,0.106412865,0.123635
1157942767740,11.836577946,0.8429551,0.5122524,0.10687482,0.12490774
1157962817418,11.856627624,0.84164983,0.5138401,0.10760986,0.12654698
1157982836578,11.876646784,0.8397233,0.51616144,0.10741633,0.1300151
1158002855740,11.896665946,0.8392426,0.51701224,0.10588524,0.13099064
1158022874900,11.916685106,0.8386213,0.5176427,0.10578341,0.13255362
1158042924578,11.936734784,0.8384907,0.517559,0.1065655,0.13307916
1158062943738,11.956753944,0.83894616,0.5167579,0.107373126,0.1326715
1158082962899,11.976773105,0.8398054,0.515345,0.10832664,0.13195375
1158102982059,11.996792265,0.84052587,0.5139763,0.10977232,0.1315089
1158123031737,12.016841943,0.8405478,0.51359653,0.111486815,0.13141106
1158143050897,12.036861103,0.8397992,0.51431763,0.11350607,0.13164683
1158163070058,12.056880264,0.83857924,0.51568115,0.11550082,0.13235365
1158183089219,12.076899425,0.8372869,0.51717347,0.116827086,0.13354306
1158203108379,12.096918585,0.8363174,0.5182318,0.11711593,0.1352511
1158223158057,12.116968263,0.83592284,0.51856846,0.11672342,0.13673182
1158243177217,12.136987423,0.83597064,0.5183262,0.11622645,0.13777702
1158263196379,12.157006585,0.83633375,0.51756823,0.11595431,0.13864999
1158283246055,12.177056261,0.83687687,0.5164438,0.115773074,0.13971314
1158303265217,12.197075423,0.83745706,0.5150337,0.115795165,0.1414128
1158323314893,12.217125099,0.8380788,0.5134069,0.11602099,0.14344563
1158343334055,12.237144261,0.83851105,0.51219565,0.115864836,0.14536263
1158363353215,12.257163421,0.838506,0.51191694,0.11502406,0.14703153
1158383402893,12.277213099,0.8382882,0.51219136,0.113690265,0.1483492
1158403422053,12.297232259,0.8380922,0.5125773,0.11181914,0.14954093
1158423441214,12.31725142,0.83798414,0.51295894,0.10953425,0.15052581
1158443460375,12.337270581,0.8380569,0.5130726,0.10742824,0.15124968
1158463510052,12.357320258,0.8385105,0.5124622,0.10583567,0.15192547
1158483529213,12.377339419,0.83953357,0.5109384,0.1044113,0.15239266
1158503548373,12.397358579,0.8411238,0.5085863,0.1029623,0.1524775
1158523567534,12.41737774,0.8431151,0.505706,0.10148625,0.15204957
1158543617212,12.437427418,0.84531975,0.50253165,0.10016825,0.15120488
1158563636372,12.457446578,0.84695846,0.5002542,0.09897428,0.15037034
1158583655532,12.477465738,0.8470895,0.5003545,0.09788369,0.15001175
1158603674694,12.4974849,0.8466732,0.50130945,0.096759975,0.14990321
1158623724371,12.517534577,0.8461501,0.5025058,0.095513575,0.1496502
1158643743532,12.537553738,0.845496,0.50388366,0.09363375,0.14990191
1158663793210,12.557603416,0.84488726,0.50513935,0.09227555,0.14995064
1158683812370,12.577622576,0.8447038,0.5057314,0.09131512,0.14957513
1158703831530,12.597641736,0.8449667,0.50565296,0.09064632,0.14876096
1158723850691,12.617660897,0.84535384,0.50522226,0.0906918,0.1479946
1158743900368,12.637710574,0.84562945,0.50478387,0.09172077,0.14728008
1158763950046,12.657760252,0.8458555,0.5043099,0.09332597,0.14659643
1158783999724,12.67780993,0.84602326,0.5039613,0.0942058,0.14626314
1158804018884,12.69782909,0.8459536,0.5041253,0.09392456,0.14628181
1158824038045,12.717848251,0.84563345,0.5046648,0.09328676,0.14668037
1158844057206,12.737867412,0.84507436,0.5054106,0.09318859,0.14739542
1158864106883,12.757917089,0.8444164,0.5062715,0.0933538,0.14810602
1158884126044,12.77793625,0.8440259,0.50678504,0.09342936,0.14852668
1158904175721,12.797985927,0.8441111,0.5066267,0.09335097,0.1486325
1158924194882,12.818005088,0.84439385,0.5060741,0.09354041,0.14878978
1158944214043,12.838024249,0.8447396,0.5053605,0.09409613,0.14890194
1158964233203,12.858043409,0.8450997,0.5046375,0.09492895,0.14878254
1158984282881,12.878093087,0.84530383,0.50415766,0.096051745,0.14852776
1159004302041,12.898112247,0.8450774,0.50429547,0.097405136,0.1484677
1159024321202,12.918131408,0.8444846,0.50497633,0.09873306,0.14864853
1159044370879,12.938181085,0.8439333,0.50572735,0.0995561,0.14867724
1159064390040,12.958200246,0.84345585,0.5065598,0.099738844,0.14843039
1159084409201,12.978219407,0.8430627,0.5072301,0.09999695,0.14820106
1159104458879,12.998269085,0.8430417,0.5073195,0.10027642,0.14782563
1159124478039,13.018288245,0.84346974,0.50675005,0.100433126,0.14722927
1159144497199,13.038307405,0.8440182,0.50608945,0.10044475,0.14634751
1159164546877,13.058357083,0.84442973,0.5055526,0.100798056,0.14558424
1159184566037,13.078376243,0.8445497,0.5053294,0.10171248,0.14502686
1159204585199,13.098395405,0.8429073,0.5080431,0.10408933,0.14340472
1159224634875,13.118445081,0.8435882,0.50719136,0.10337826,0.14292999
1159244654037,13.138464243,0.84482753,0.50489014,0.103656605,0.14355434
1159264673197,13.158483403,0.84495777,0.50472844,0.10341531,0.14353056
1159284692358,13.178502564,0.8445319,0.5054591,0.10239867,0.14419305
1159304742035,13.198552241,0.8445319,0.5054591,0.10239867,0.14419305
1159324761196,13.218571402,0.8445319,0.5054591,0.10239867,0.14419305
1159344810873,13.238621079,0.8445319,0.5054591,0.10239867,0.14419305
1159364830034,13.25864024,0.8445319,0.5054591,0.10239867,0.14419305
1159384879712,13.278689918,0.8445319,0.5054591,0.10239867,0.14419305
1159404898872,13.298709078,0.8445319,0.5054591,0.10239867,0.14419305
1159424918033,13.318728239,0.8445319,0.5054591,0.10239867,0.14419305
1159444967710,13.338777916,0.8445319,0.5054591,0.10239867,0.14419305
1159464986871,13.358797077,0.8445319,0.5054591,0.10239867,0.14419305
1159485006032,13.378816238,0.8445319,0.5054591,0.10239867,0.14419305
1159505055709,13.398865915,0.8445319,0.5054591,0.10239867,0.14419305
1159525074870,13.418885076,0.8445319,0.5054591,0.10239867,0.14419305
1159545124548,13.438934754,0.8445319,0.5054591,0.10239867,0.14419305
1159565143708,13.458953914,0.84772474,0.49976304,0.09350055,0.15118672
1159585162868,13.478973074,0.84849983,0.49866545,0.09290702,0.1508283
1159605182030,13.498992236,0.84914356,0.49770805,0.09270597,0.15049087
1159625231706,13.519041912,0.849484,0.4971887,0.0925584,0.15037714
1159645250868,13.539061074,0.8494134,0.49738365,0.09214294,0.15038674
1159665300546,13.559110752,0.84910244,0.49804738,0.09142674,0.15038365
1159685319706,13.579129912,0.84863275,0.49902442,0.09022037,0.15052426
1159705338866,13.599149072,0.8482655,0.49987048,0.088924885,0.15055741
1159725358027,13.619168233,0.8483015,0.50004655,0.08840189,0.15007791
1159745407704,13.63921791,0.84856427,0.49978942,0.08863028,0.14931183
1159765396348,13.659206554,0.8488313,0.49951306,0.08886242,0.14857894
1159785415509,13.679225715,0.84908986,0.49929306,0.08883333,0.14785652
1159805465186,13.699275392,0.8492935,0.49910074,0.089050174,0.14720471
1159825484347,13.719294553,0.84923,0.4992242,0.08966381,0.14677961
1159845534024,13.73934423,0.84890926,0.499804,0.09016689,0.14635225
1159865553185,13.759363391,0.8485591,0.50053483,0.090519354,0.1456663
1159885602863,13.779413069,0.84831256,0.5010917,0.090812,0.14500366
1159905622023,13.799432229,0.8480587,0.5015552,0.09169275,0.14433067
1159925671701,13.819481907,0.8478275,0.5018644,0.09303786,0.14375156
1159945690861,13.839501067,0.8473901,0.50204915,0.09513052,0.14431478
1159965710022,13.859520228,0.8473304,0.5019419,0.09568164,0.1446739
1159985759699,13.879569905,0.84774023,0.5012402,0.09501808,0.14514235
1160005778861,13.899589067,0.84838814,0.50034624,0.09392082,0.14515528
1160025828537,13.919638743,0.8490535,0.49928606,0.093275465,0.14533123
1160045847699,13.939657905,0.8493194,0.49897006,0.09278059,0.14518002
1160065897376,13.959707582,0.849043,0.4995231,0.09243459,0.14511523
1160085916537,13.979726743,0.8485275,0.50054,0.09151908,0.14520682
1160105935697,13.999745903,0.8480902,0.5015191,0.09033481,0.14512566
1160125985375,14.019795581,0.84788275,0.5022764,0.08904931,0.14451094
1160146035053,14.039845259,0.84781677,0.5028131,0.08787326,0.1437504
1160166054213,14.059864419,0.84765387,0.5032384,0.087742224,0.14330177
1160186073373,14.079883579,0.84729123,0.50367576,0.0887157,0.1433107
1160206123051,14.099933257,0.8469853,0.50406367,0.089522704,0.14325383
1160226142212,14.119952418,0.8470359,0.50404996,0.089684874,0.14290068
1160246161373,14.139971579,0.8473287,0.50384045,0.08924379,0.14217758
1160266211050,14.160021256,0.8475107,0.503805,0.0888004,0.1414946
1160286230211,14.180040417,0.84732825,0.5042754,0.08836273,0.14118555
1160306279888,14.200090094,0.8468008,0.5051631,0.08804379,0.14137565
1160326299049,14.220109255,0.845928,0.50654864,0.087561004,0.14194162
1160346348727,14.240158933,0.84503204,0.5080515,0.0868634,0.14233574
1160366367887,14.260178093,0.84461844,0.50873923,0.086380176,0.14262728
1160386417565,14.280227771,0.8446615,0.5086291,0.08679552,0.14251336
1160406436725,14.300246931,0.8449332,0.50810516,0.087387845,0.14240964
1160426455886,14.320266092,0.84536636,0.50736165,0.08776473,0.14225781
1160446505563,14.340315769,0.8458067,0.50663763,0.08810229,0.14201161
1160466524724,14.36033493,0.8461131,0.50594145,0.08907834,0.14206013
1160486574402,14.380384608,0.84625757,0.50553006,0.089901306,0.14214513
1160506593562,14.400403768,0.84603834,0.5058161,0.09032459,0.14216498
1160526612723,14.420422929,0.84549,0.5065398,0.09088107,0.14249499
1160546662400,14.440472606,0.84473276,0.5074493,0.09137351,0.14343219
1160566681561,14.460491767,0.84410095,0.50830895,0.091333985,0.14413126
1160586700722,14.480510928,0.8439202,0.50860095,0.0914739,0.1440706
1160606750400,14.500560606,0.8441405,0.508269,0.0920482,0.14358479
1160626769560,14.520579766,0.8444483,0.5075957,0.0931876,0.14342187
1160646788720,14.540598926,0.84485525,0.5065546,0.094789974,0.14365561
1160666838398,14.560648604,0.8452326,0.5055205,0.09627475,0.14409028
1160686857558,14.580667764,0.84538174,0.50495076,0.097352274,0.1444892
1160706907236,14.600717442,0.8450183,0.5054398,0.09794566,0.14450301
1160726926396,14.620736602,0.8442133,0.50661105,0.098560914,0.14468871
1160746945558,14.640755764,0.84310603,0.5080561,0.09943765,0.14547628
1160766965334,14.66077554,0.84209853,0.5091826,0.10014296,0.14688371
1160786984494,14.6807947,0.8416078,0.5097981,0.09993541,0.14769982
1160807003655,14.700813861,0.8417781,0.50962365,0.099287294,0.14776857
1160827053333,14.720863539,0.84233,0.5088112,0.098889664,0.1476898
1160847072494,14.7408827,0.8427945,0.5080116,0.09897095,0.14773773
1160867122172,14.760932378,0.843341,0.5069769,0.09943443,0.14786245
1160887171850,14.780982056,0.84378606,0.50609374,0.0999543,0.14799799
1160907191011,14.801001217,0.8437527,0.50590605,0.1005273,0.14844133
1160927210172,14.821020378,0.84331053,0.5064066,0.100896485,0.14899582
1160947259849,14.841070055,0.84262335,0.5073421,0.101148084,0.14952879
1160967279011,14.861089217,0.84178025,0.50855416,0.10109156,0.15019788
1160987328688,14.881138894,0.8410043,0.50976926,0.100471236,0.15084046
1161007347850,14.901158056,0.840666,0.5104097,0.099556,0.15116592
1161027397528,14.921207734,0.84099925,0.51001006,0.09873183,0.15120263
1161047416688,14.941226894,0.84173375,0.50887156,0.098281205,0.15124457
1161067466367,14.961276573,0.84252125,0.50762653,0.09805535,0.1511901
1161087485527,14.981295733,0.84327066,0.50637436,0.09817926,0.15113084
1161107535205,15.001345411,0.8438503,0.5053419,0.09848272,0.15115325
1161127554366,15.021364572,0.84420085,0.50467676,0.09869713,0.1512782
1161147604044,15.04141425,0.84429204,0.504551,0.098432064,0.15136197
1161167623205,15.061433411,0.8443092,0.50463843,0.0977448,0.15142028
1161187672883,15.081483089,0.8443135,0.50483763,0.09655873,0.15149288
1161207692043,15.101502249,0.8443306,0.5051428,0.094910234,0.15142293
1161227741722,15.121551928,0.8446022,0.50506693,0.09334336,0.15113416
1161247760882,15.141571088,0.84547555,0.50416696,0.09137044,0.15046002
1161267810560,15.161620766,0.8470361,0.5022677,0.08892494,0.1494974
1161287829721,15.181639927,0.8489285,0.49985743,0.08616349,0.14845447
1161307848883,15.201659089,0.8508495,0.4973153,0.083436966,0.14754958
1161327898560,15.221708766,0.8527323,0.49471056,0.081031114,0.14677553
1161347917721,15.241727927,0.85436314,0.49242124,0.079157874,0.14601064
1161367967398,15.261777604,0.8554363,0.49096355,0.0776987,0.14541857
1161387986560,15.281796766,0.85594034,0.4903789,0.076590925,0.14501229
1161408005721,15.301815927,0.8562427,0.49016133,0.07527335,0.14465176
1161428055399,15.321865605,0.85662574,0.4898515,0.07353698,0.1443266
1161448074559,15.341884765,0.85713965,0.48925707,0.071809165,0.14416136
1161468093720,15.361903926,0.85762006,0.48858932,0.07050106,0.14421566
1161488143398,15.381953604,0.8577953,0.48822138,0.07035865,0.144488
1161508162559,15.401972765,0.85775954,0.48809612,0.07115,0.14473616
1161528181720,15.421991926,0.8576244,0.48813528,0.07214234,0.14491396
1161548231397,15.442041603,0.8574974,0.48814976,0.07317824,0.14509667
1161568250559,15.462060765,0.85751945,0.4880735,0.07377602,0.1449203
1161588269720,15.482079926,0.8575345,0.48802048,0.07426249,0.14476112
1161608319398,15.502129604,0.8577837,0.48734742,0.07515463,0.14509134
1161628338559,15.522148765,0.8569506,0.48822454,0.07745835,0.1458519
1161648357719,15.542167925,0.85447323,0.49141815,0.081754245,0.14730869
1161668407397,15.562217603,0.8522385,0.49447536,0.08497684,0.14819849
1161688426558,15.582236764,0.8503909,0.49710435,0.08659966,0.14907445
1161708476236,15.602286442,0.8493973,0.49841747,0.087913424,0.14958443
1161728495397,15.622305603,0.8491869,0.49875882,0.088286914,0.14942116
1161748514558,15.642324764,0.8494268,0.49847892,0.08792554,0.14920448
1161768564235,15.662374441,0.84982234,0.49796385,0.08734723,0.14901203
1161788552880,15.682363086,0.85013396,0.4975165,0.08719541,0.14881767
1161808572040,15.702382246,0.8500581,0.49759138,0.08757689,0.148777
1161828621718,15.722431924,0.849577,0.49833143,0.08784697,0.14888799
1161848640879,15.742451085,0.8490111,0.49924234,0.08776382,0.14911313
1161868660041,15.762470247,0.8484484,0.5001538,0.08737187,0.14949109
1161888709719,15.782519925,0.8480151,0.50093156,0.08667964,0.1497487
1161908728879,15.802539085,0.8477849,0.50141734,0.08589622,0.14987752
1161928748040,15.822558246,0.84779966,0.5015461,0.085242845,0.1497364
1161948828234,15.84263844,0.8480246,0.5013066,0.08502597,0.14938746
1161968847396,15.862657602,0.84825104,0.5010044,0.08509117,0.14907843
1161988866557,15.882676763,0.8483339,0.5007891,0.08549715,0.14909773
1162008916235,15.902726441,0.84835005,0.50063276,0.08607784,0.1491969
1162028935396,15.922745602,0.8483089,0.500559,0.08684324,0.14923435
1162048985074,15.94279528,0.8481607,0.50063574,0.08773987,0.14929526
1162069004234,15.96281444,0.84785324,0.50101244,0.08822555,0.14949155
1162089053912,15.982864118,0.84738487,0.50166905,0.08843683,0.14982048
1162109073073,16.002883279,0.8468134,0.5025561,0.088279955,0.1501708
1162129122751,16.022932957,0.84630096,0.5034285,0.08755892,0.15055841
1162149141912,16.042952118,0.84607106,0.5038279,0.086839914,0.1509304
1162169191590,16.063001796,0.84624696,0.5035793,0.086432494,0.15100862
1162189210750,16.083020956,0.84653914,0.5030927,0.086398676,0.15101121
1162209260429,16.103070635,0.84676194,0.5026689,0.08668705,0.15100853
1162229279589,16.123089795,0.8469185,0.5023413,0.08711367,0.1509751
1162249329267,16.143139473,0.8469052,0.5022967,0.087553486,0.15094376
1162269348428,16.163158634,0.8466151,0.5026421,0.088224515,0.15103066
1162289367590,16.183177796,0.84609556,0.5033705,0.08885686,0.15114526
1162309417268,16.203227474,0.84553003,0.5042201,0.089258224,0.15124178
1162329436428,16.223246634,0.8451245,0.5049453,0.08921141,0.1511168
1162349486106,16.243296312,0.84501547,0.50529736,0.08873454,0.1508303
1162369505267,16.263315473,0.8451933,0.50523,0.0881309,0.15041237
1162389524428,16.283334634,0.8454108,0.5051091,0.08767357,0.14986199
1162409574106,16.303384312,0.8454917,0.5050469,0.087781824,0.14955205
1162429593266,16.323403472,0.8454005,0.50512296,0.08825172,0.14953429
1162449642944,16.34345315,0.8453104,0.5051954,0.08852774,0.1496357
1162469662105,16.363472311,0.84537536,0.50515115,0.088242605,0.14958666
1162489711783,16.383521989,0.8454979,0.50515217,0.08789359,0.14909528
1162509730944,16.40354115,0.8453289,0.5056133,0.08812137,0.14835422
1162529780622,16.423590828,0.84468406,0.50659716,0.08942158,0.1478922
1162549799783,16.443609989,0.8438034,0.507865,0.091020375,0.14759476
1162569818944,16.46362915,0.84311825,0.5089562,0.092025585,0.14712808
1162589868622,16.483678828,0.8428656,0.509631,0.09220785,0.14612204
1162609887783,16.503697989,0.84293205,0.50992316,0.092187926,0.14472523
1162629906944,16.52371715,0.8429459,0.5102496,0.09242556,0.14333545
1162649956622,16.543766828,0.84270614,0.5107838,0.093330696,0.14225231
1162669975782,16.563785988,0.84233695,0.5113506,0.09472089,0.14148185
1162689994943,16.583805149,0.84201455,0.51188314,0.09570465,0.14081143
1162710044621,16.603854827,0.8418459,0.512278,0.09608116,0.14012516
1162730063782,16.623873988,0.84174955,0.5125746,0.09656949,0.1392815
1162750082943,16.643893149,0.8415748,0.5129058,0.09742992,0.13851689
1162770132621,16.663942827,0.8413279,0.5134004,0.098185115,0.13764863
1162790151782,16.683961988,0.8409601,0.5140705,0.098969735,0.13683075
1162810201460,16.704011666,0.8404659,0.51486033,0.099960916,0.13617598
1162830220621,16.724030827,0.83998054,0.5156488,0.10076077,0.13559671
1162850239782,16.744049988,0.83954513,0.51639915,0.10140932,0.1349523
1162870289460,16.764099666,0.83917034,0.51708055,0.10204464,0.13419369
1162890308620,16.784118826,0.8388434,0.51771814,0.10262018,0.13333714
1162910358298,16.804168504,0.83853394,0.51834047,0.103069335,0.13251768
1162930377459,16.824187665,0.83818644,0.51894903,0.10363281,0.13189337
1162950427137,16.844237343,0.83782285,0.51953524,0.10429404,0.13137315
1162970446298,16.864256504,0.8375581,0.51998705,0.1047466,0.13091242
1162990495976,16.884306182,0.8374954,0.5201541,0.104854114,0.13056444
1163010515136,16.904325342,0.83764124,0.51999253,0.10476575,0.13034204
1163030534298,16.924344504,0.83782643,0.5197291,0.1047333,0.13022894
1163050583975,16.944394181,0.8379031,0.51960963,0.10480825,0.13015231
1163070603137,16.964413343,0.837955,0.519606,0.10475049,0.12987818
1163090652815,16.984463021,0.8379841,0.51966995,0.10458934,0.12956466
1163110671976,17.004482182,0.8379269,0.51978916,0.10465067,0.12940669
1163130691136,17.024501342,0.83772665,0.5200192,0.10509403,0.12942016
1163150740814,17.04455102,0.8375242,0.5202695,0.1055585,0.12934594
1163170759975,17.064570181,0.8374191,0.52039665,0.105884954,0.12924866
1163190779136,17.084589342,0.8374369,0.52038103,0.10599484,0.12910526
1163210828814,17.10463902,0.8375645,0.52028066,0.1057789,0.12885962
1163230847974,17.12465818,0.83770186,0.5201551,0.10548611,0.12871379
1163250867136,17.144677342,0.83772355,0.52013785,0.10539658,0.1287146
1163270916814,17.16472702,0.8376631,0.5201894,0.10548735,0.1288252
1163290935975,17.184746181,0.83757335,0.520309,0.10558144,0.128849
1163310985653,17.204795859,0.8375054,0.5203648,0.10578452,0.12889871
1163331004813,17.224815019,0.8374065,0.5204522,0.10604516,0.12897447
1163351023974,17.24483418,0.83736664,0.52051353,0.106110275,0.1289326
1163371073652,17.264883858,0.83735234,0.5205532,0.10608939,0.12888178
1163391092813,17.284903019,0.8373859,0.5204705,0.106122136,0.1289707
1163411142491,17.304952697,0.83746856,0.5203143,0.105988495,0.12917481
1163431161652,17.324971858,0.83756495,0.5201958,0.1053847,0.12952
1163451211330,17.345021536,0.8375952,0.52021426,0.104441985,0.130013
1163471230490,17.365040696,0.8374675,0.5205,0.1030281,0.13081749
1163491249652,17.385059858,0.8369707,0.5214206,0.10011284,0.1325823
1163511299329,17.405109535,0.8366403,0.5220377,0.09753051,0.1341553
1163531318491,17.425128697,0.8365172,0.52238166,0.09538456,0.13512237
1163551337651,17.445147857,0.8371755,0.52160406,0.095746785,0.13378726
1163571356812,17.465167018,0.83819056,0.5203463,0.09715337,0.13129218
1163591406490,17.485216696,0.8393142,0.518807,0.09894026,0.12884854
1163611425651,17.505235857,0.8401804,0.51758343,0.10207568,0.1256381
1163631475329,17.525285535,0.8416522,0.51548165,0.10156796,0.12483676
1163651494489,17.545304695,0.84339964,0.51303697,0.09995902,0.12441235
1163671544167,17.565354373,0.84534115,0.5102201,0.099362046,0.123292506
1163691563328,17.585373534,0.8471702,0.5075328,0.09850564,0.122515626
1163711613006,17.605423212,0.84845746,0.50558233,0.09786488,0.12218426
1163731632168,17.625442374,0.84901613,0.50480723,0.09694388,0.12224334
1163751681845,17.645492051,0.84928036,0.5045476,0.09559963,0.12253693
1163771701007,17.665511213,0.84964806,0.5042047,0.093973786,0.122657165
1163791750684,17.68556089,0.8504444,0.503229,0.09213059,0.12254336
1163811800362,17.705610568,0.85173196,0.50155556,0.08983851,0.122163065
1163831850040,17.725660246,0.8530649,0.4997597,0.08754933,0.121883966
1163851869200,17.745679406,0.8545273,0.49773303,0.08516577,0.121622026
1163871918879,17.765729085,0.85652834,0.49483213,0.08293754,0.12092073
1163891938039,17.785748245,0.85896593,0.49125728,0.08092377,0.119562365
1163911987717,17.805797923,0.86131364,0.48776117,0.07924166,0.11810459
1163932006878,17.825817084,0.8632597,0.48472998,0.07812414,0.117116004
1163952056556,17.845866762,0.8646248,0.48250917,0.07754729,0.116599776
1163972075718,17.865885924,0.86525625,0.4814136,0.07772176,0.116326146
1163992125395,17.885935601,0.86586183,0.48021,0.0782654,0.11643058
1164012175073,17.905985279,0.86661226,0.47872305,0.07853491,0.11678981
1164032194234,17.92600444,0.8672978,0.47739035,0.07860484,0.11710791
1164052243912,17.946054118,0.8676867,0.47660026,0.07871978,0.11736807
1164072293590,17.966103796,0.86772263,0.47650516,0.07870041,0.11750169
1164092312750,17.986122956,0.8672255,0.47734424,0.078972526,0.11758299
1164112362428,18.006172634,0.8663275,0.47872052,0.08013643,0.11782063
1164132381589,18.026191795,0.8655518,0.47968498,0.08161094,0.11858421
1164152431267,18.046241473,0.8652566,0.47991854,0.081785485,0.119667895
1164172480945,18.066291151,0.8667035,0.4775488,0.082723334,0.11802192
1164192500106,18.086310312,0.86936194,0.4737519,0.08263441,0.113756716
1164212549784,18.10635999,0.8725411,0.46909878,0.08311917,0.10821081
1164232599462,18.126409668,0.87524545,0.46485916,0.08502783,0.103061765
1164252618623,18.146428829,0.8771389,0.46121427,0.08931113,0.099660225
1164272668301,18.166478507,0.87881887,0.45748797,0.09477835,0.09695073
1164292687461,18.186497667,0.8804551,0.4537068,0.10000443,0.094595075
1164312737139,18.206547345,0.88158554,0.4504056,0.10723628,0.09188227
1164332756300,18.226566506,0.88337404,0.44589514,0.11431778,0.08808708
1164352805978,18.246616184,0.8854854,0.4415054,0.117474,0.08478492
1164372825139,18.266635345,0.88661987,0.4390941,0.119583644,0.08247052
1164392874817,18.286685023,0.8865491,0.43893087,0.12090395,0.08217542
1164412924495,18.306734701,0.8853224,0.44117787,0.12138986,0.08264948
1164432943656,18.326753862,0.8827711,0.44590178,0.12232273,0.08321094
1164452993334,18.34680354,0.8786834,0.45318836,0.1245183,0.083850704
1164473012494,18.3668227,0.8749875,0.4593673,0.12681256,0.085424244
1164493031656,18.386841862,0.873104,0.4629586,0.12606968,0.08640122
1164513081334,18.40689154,0.8735363,0.46346653,0.12088233,0.086722165
1164533100495,18.426910701,0.87605935,0.46062976,0.11322164,0.086725205
1164553150173,18.446960379,0.879825,0.4557474,0.104112856,0.085807234
1164573169334,18.46697954,0.88370115,0.4501238,0.0960581,0.08505174
1164593219012,18.487029218,0.8868485,0.44511986,0.09011496,0.08513156
1164613238172,18.507048378,0.8891873,0.44134668,0.08536398,0.085276894
1164633287850,18.527098056,0.89089185,0.43849382,0.08187762,0.08562218
1164653307011,18.547117217,0.89218175,0.43621206,0.079286024,0.0862825
1164673356689,18.567166895,0.8929961,0.43449503,0.078368574,0.0873527
1164693375850,18.587186056,0.89287317,0.434176,0.079537295,0.089122035
1164713425528,18.607235734,0.89136064,0.436355,0.08177019,0.091564484
1164733475206,18.627285412,0.8884788,0.44124368,0.083605476,0.09444396
1164753494367,18.647304573,0.88431364,0.4486292,0.08446251,0.09791448
1164773513527,18.667323733,0.87963045,0.45652068,0.085933976,0.102246545
1164793563205,18.687373411,0.87531024,0.46312943,0.08890417,0.10695514
1164813612883,18.707423089,0.8717632,0.4681995,0.09202617,0.11112734
1164833632044,18.72744225,0.8688774,0.47225446,0.09388161,0.11495302
1164853681722,18.747491928,0.86689216,0.47493544,0.09426913,0.118522644
1164873700883,18.767511089,0.8656914,0.4765592,0.09333321,0.12148528
1164893750561,18.787560767,0.8650552,0.47721073,0.092143215,0.12433445
1164913800239,18.807610445,0.86480683,0.47725615,0.0908505,0.12681471
1164933819400,18.827629606,0.86480683,0.47703055,0.0885262,0.12928367
1164953869078,18.847679284,0.86501956,0.47653142,0.08624467,0.13122882
1164973888238,18.867698444,0.86523014,0.47610536,0.08448088,0.13252723
1164993937916,18.887748122,0.8651782,0.47610065,0.08367989,0.13338822
1165013957077,18.907767283,0.86498636,0.4762429,0.08336136,0.13432156
1165033976239,18.927786445,0.86477184,0.47650307,0.082962364,0.13502495
1165054025916,18.947836122,0.8641546,0.4775049,0.082857355,0.13550091
1165074075594,18.9678858,0.8628528,0.4795263,0.083849296,0.13604793
1165094094754,18.98790496,0.86130804,0.4818795,0.085609384,0.13642511
1165114144433,19.007954639,0.86001134,0.48382744,0.0874818,0.1365228
1165134163594,19.0279738,0.85883904,0.4855466,0.08951466,0.13648154
1165154213271,19.048023477,0.85777146,0.48714682,0.09137954,0.13625696
1165174232433,19.068042639,0.85695416,0.4885092,0.092621624,0.13568194
1165194282110,19.088092316,0.85644066,0.4894589,0.09329761,0.13503733
1165214301272,19.108111478,0.8561728,0.48992983,0.09380367,0.13467656
1165234350950,19.128161156,0.8563111,0.48972115,0.093753286,0.13459241
1165254370110,19.148180316,0.856725,0.48915467,0.09306646,0.13449429
1165274419788,19.168229994,0.85712093,0.48863938,0.09238126,0.13431665
1165294438949,19.188249155,0.8574457,0.48782083,0.09316963,0.13467444
1165314458110,19.208268316,0.8582916,0.48659545,0.093048446,0.1337998
1165334507788,19.228317994,0.85864395,0.48596132,0.0934926,0.13353416
1165354526949,19.248337155,0.858656,0.48631686,0.09208404,0.13314062
1165374576627,19.268386833,0.8582623,0.48697308,0.09190056,0.13340719
1165394595787,19.288405993,0.85773915,0.48762923,0.0926399,0.13386226
1165414645465,19.308455671,0.8576016,0.48791558,0.09272049,0.13364477
1165434664626,19.328474832,0.8577042,0.48805875,0.09194846,0.13299552
1165454714304,19.34852451,0.8577466,0.48824674,0.091288134,0.1324854
1165474733465,19.368543671,0.8576367,0.48851094,0.09117725,0.13229972
1165494783143,19.388593349,0.8574496,0.48882276,0.091348305,0.13224244
1165514802304,19.40861251,0.85725653,0.48915154,0.09149512,0.13217731
1165534851982,19.428662188,0.8572012,0.48925596,0.09144565,0.13218312
1165554871143,19.448681349,0.85725355,0.48923773,0.09129388,0.1320163
1165574890304,19.46870051,0.85735387,0.48919228,0.090978585,0.13175043
1165594939982,19.488750188,0.8574492,0.48915416,0.09069103,0.13147031
1165614959143,19.508769349,0.85753626,0.48907202,0.0904105,0.1314004
1165635008821,19.528819027,0.8576544,0.48894382,0.09006385,0.13134424
1165655027981,19.548838187,0.8578177,0.4887365,0.089901604,0.13116178
1165675077659,19.568887865,0.8578992,0.4887378,0.089528486,0.1308785
1165695096820,19.588907026,0.8580565,0.4886566,0.088837676,0.13062054
1165715146498,19.608956704,0.85831916,0.48843,0.08804536,0.13027804
1165735165659,19.628975865,0.85866284,0.48814166,0.08692431,0.12984614
1165755184819,19.648995025,0.8590679,0.48775965,0.0859249,0.12926613
1165775234497,19.669044703,0.859512,0.48728874,0.08516642,0.12859097
1165795253658,19.689063864,0.8599119,0.4868154,0.08463943,0.12805685
1165815303336,19.709113542,0.86022663,0.48647612,0.08411169,0.1275787
1165835322498,19.729132704,0.86051315,0.4861595,0.083631605,0.12716913
1165855341659,19.749151865,0.8608292,0.4858267,0.08315066,0.12661617
1165875391337,19.769201543,0.8612644,0.48529828,0.082357585,0.12620048
1165895410497,19.789220703,0.86185753,0.4844503,0.081487976,0.12597293
1165915429658,19.809239864,0.86185753,0.4844503,0.081487976,0.12597293
1165935536778,19.829346984,0.8621476,0.4841934,0.08088176,0.12536494
1165955555936,19.849366142,0.8617636,0.48481095,0.08152615,0.12520172
1165975605611,19.869415817,0.86117375,0.48576707,0.08226972,0.12506731
1165995624769,19.889434975,0.86058867,0.48673794,0.08280856,0.124964185
1166015643928,19.909454134,0.8600545,0.48770088,0.08295407,0.12479105
1166035693603,19.929503809,0.85957336,0.48855054,0.08303266,0.1247301
1166055712761,19.949522967,0.8590961,0.4893613,0.08337972,0.12460886
1166075762436,19.969572642,0.85866416,0.4900748,0.0838946,0.12443638
1166095781594,19.9895918,0.8582992,0.49072313,0.08416904,0.1242137
1166115800752,20.009610958,0.85788226,0.491452,0.0843822,0.124066986
1166135819910,20.029630116,0.85733384,0.4923572,0.08478746,0.1239928
1166155869585,20.049679791,0.8566381,0.4934601,0.08542196,0.12398176
1166175888743,20.069698949,0.8554837,0.49535736,0.08605618,0.12394794
1166195907902,20.089718108,0.8553539,0.49557602,0.08621609,0.123858534
1166215957577,20.109767783,0.8550251,0.49623546,0.08587928,0.12372271
1166235976735,20.129786941,0.8549712,0.49656364,0.08488131,0.12346715
1166255995893,20.149806099,0.85510325,0.4966412,0.083572626,0.1231333
1166276045568,20.169855774,0.8553735,0.49651784,0.082113445,0.12273483
1166296064726,20.189874932,0.85565376,0.4963207,0.08071702,0.12250379
1166316083884,20.20989409,0.8562,0.49559253,0.07952474,0.12241574
1166336133559,20.229943765,0.8574215,0.49389386,0.07816389,0.1216043
1166356152717,20.249962923,0.85984135,0.49031317,0.07652886,0.12003779
1166376202392,20.270012598,0.8625164,0.4863129,0.074551746,0.11835226
1166396221550,20.290031756,0.86486757,0.48284915,0.07240981,0.1166947
1166416271225,20.310081431,0.8675827,0.47849604,0.07112833,0.11524977
1166436290384,20.33010059,0.8727852,0.47002324,0.06858702,0.11233896
1166456309542,20.350119748,0.87333596,0.46898887,0.06928347,0.111953504
1166476359217,20.370169423,0.8754291,0.46552733,0.06705334,0.1114103
1166496378375,20.390188581,0.875538,0.46532115,0.06715803,0.11135269
1166516428050,20.410238256,0.8754463,0.46545178,0.06643162,0.111960806
1166536447208,20.430257414,0.8751174,0.46599537,0.06598609,0.11253321
1166556466366,20.450276572,0.8753803,0.46557897,0.065868564,0.11228043
1166576516041,20.470326247,0.87560445,0.46530715,0.06590389,0.11163693
1166596535199,20.490345405,0.8755197,0.46550724,0.0661535,0.11132036
1166616584875,20.510395081,0.87510484,0.46625748,0.06623483,0.11139401
1166636604032,20.530414238,0.87378216,0.46860203,0.06635884,0.111863814
1166656653708,20.550463914,0.8738639,0.46845224,0.06617127,0.11196349
1166676672866,20.570483072,0.8738639,0.46845224,0.06617127,0.11196349
1166696722541,20.590532747,0.87289476,0.4701348,0.067145795,0.11189047
1166716741700,20.610551906,0.87262076,0.47063574,0.0673427,0.11180359
1166736791374,20.63060158,0.8722223,0.471304,0.06781222,0.11181358
1166756810533,20.650620739,0.8716209,0.47226968,0.06852012,0.11199737
1166776860207,20.670670413,0.87105584,0.47324017,0.06903841,0.11197877
1166796909882,20.690720088,0.87042266,0.47438222,0.06926854,0.11192752
1166816929041,20.710739247,0.86956704,0.47589824,0.06920753,0.11218091
1166836948199,20.730758405,0.86851144,0.47764915,0.069140606,0.112955436
1166856997874,20.75080808,0.86749965,0.47921324,0.069258265,0.1140283
1166877017032,20.770827238,0.8669463,0.48003766,0.0693223,0.114728816
1166897066708,20.790876914,0.8668728,0.48019424,0.068861276,0.11490477
1166917085865,20.810896071,0.866949,0.4800493,0.06848099,0.1151627
1166937135541,20.830945747,0.86758983,0.47855267,0.06892874,0.116293654
1166957154699,20.850964905,0.8675732,0.47858194,0.06898767,0.116261244
1166977173856,20.870984062,0.86758244,0.4785642,0.06909485,0.11620194
1166997223532,20.891033738,0.8676194,0.4784981,0.069034815,0.11623474
1167017242690,20.911052896,0.86745083,0.47863945,0.06907682,0.11688401
1167037292365,20.931102571,0.8674864,0.47865772,0.06904467,0.11656349
1167057311523,20.951121729,0.86759835,0.47861415,0.06913332,0.11585411
1167077361198,20.971171404,0.86757874,0.47871158,0.069427826,0.115421884
1167097380356,20.991190562,0.86751074,0.47880185,0.06988439,0.115282744
1167117399515,21.011209721,0.86744344,0.47888085,0.07037236,0.11516414
1167137449190,21.031259396,0.86734945,0.47901753,0.0705444,0.11519883
1167157468348,21.051278554,0.8672608,0.47913435,0.07056144,0.11536929
1167177518023,21.071328229,0.8670502,0.4794574,0.07061207,0.11557883
1167197537181,21.091347387,0.86656624,0.4802171,0.07076575,0.115959935
1167217556339,21.111366545,0.8657507,0.48134875,0.071428284,0.11694943
1167237606014,21.13141622,0.8648642,0.4824954,0.07216619,0.11832341
1167257625172,21.151435378,0.8642925,0.4831652,0.07242337,0.11960284
1167277674847,21.171485053,0.8643808,0.48290414,0.07200224,0.12027071
1167297694005,21.191504211,0.8651777,0.48160285,0.07125331,0.12020608
1167317743680,21.211553886,0.8661181,0.4801213,0.07030282,0.11991886
1167337762838,21.231573044,0.86670977,0.47915816,0.06964138,0.119882405
1167357781997,21.251592203,0.866771,0.47899237,0.06951624,0.12017457
1167377831671,21.271641877,0.86648023,0.47936255,0.07005374,0.120482855
1167397850830,21.291661036,0.86615586,0.47981536,0.07087444,0.12053243
1167417900506,21.311710712,0.86591953,0.480216,0.0712724,0.12040002
1167437919663,21.331729869,0.8658137,0.4804371,0.07126427,0.12028429
1167457969339,21.351779545,0.8658224,0.48051566,0.07094313,0.120098
1167477988497,21.371798703,0.8657142,0.4807532,0.070849665,0.11998165
1167498007654,21.39181786,0.86540467,0.48125082,0.07126163,0.11997583
1167518057330,21.411867536,0.8650663,0.48182213,0.07174236,0.11983617
1167538107005,21.431917211,0.86483026,0.48235503,0.07171381,0.11941285
1167558126163,21.451936369,0.86468333,0.4828175,0.07125393,0.11888215
1167578145321,21.471955527,0.8645406,0.4833169,0.070406035,0.11839561
1167598194996,21.492005202,0.8643233,0.48390648,0.06952688,0.118092485
1167618244671,21.512054877,0.86401075,0.48453557,0.06899825,0.11810959
1167638263829,21.532074035,0.86365634,0.4851166,0.06884638,0.11840543
1167658313505,21.552123711,0.8633405,0.48561662,0.068821535,0.11867325
1167678332662,21.572142868,0.86306494,0.48606837,0.068832636,0.11882179
1167698382338,21.592192544,0.8627426,0.48656154,0.06923719,0.11890854
1167718401496,21.612211702,0.86233884,0.48708403,0.07026568,0.11909445
1167738451171,21.632261377,0.8617625,0.48778886,0.07179342,0.119470336
1167758470329,21.652280535,0.8610489,0.48868927,0.07353628,0.11987589
1167778520004,21.67233021,0.8602353,0.48969212,0.075517,0.12039196
1167798539162,21.692349368,0.8594428,0.4906377,0.07738258,0.121016026
1167818588837,21.712399043,0.858864,0.4912987,0.07868294,0.12160216
1167838638512,21.732448718,0.8586262,0.49155265,0.079058595,0.12201143
1167858657670,21.752467876,0.8583658,0.49191198,0.078793146,0.12256652
1167878707346,21.772517552,0.8574249,0.49323744,0.07943219,0.12340992
1167898726503,21.792536709,0.8547922,0.49700192,0.0840317,0.12352459
1167918776179,21.812586385,0.85155094,0.5014518,0.09012782,0.1236291
1167938795338,21.832605544,0.84863365,0.5053544,0.09590174,0.12345342
1167958845012,21.852655218,0.8467867,0.507875,0.09948907,0.12295263
1167978864171,21.872674377,0.8459441,0.509301,0.10145494,0.12123543
1167998913845,21.892724051,0.8454259,0.5104494,0.10249673,0.119125776
1168018933004,21.91274321,0.84426165,0.51237,0.1043652,0.11750432
1168038982679,21.932792885,0.8421729,0.51524544,0.10826057,0.11639015
1168059001837,21.952812043,0.8395038,0.51855075,0.11425855,0.11525465
1168079051512,21.972861718,0.8369498,0.5216954,0.12039492,0.11337513
1168099070670,21.992880876,0.83486557,0.5244623,0.12510017,0.11085416
1168119089828,22.012900034,0.83338284,0.5264616,0.12856488,0.10854651
1168139139503,22.032949709,0.83232796,0.52797556,0.13093513,0.10643286
1168159158661,22.052968867,0.83095455,0.5299781,0.13349178,0.10400903
1168179208336,22.073018542,0.8297975,0.5317554,0.13513415,0.102034725
1168199227494,22.0930377,0.8290007,0.53307307,0.13609946,0.10033868
1168219277170,22.113087376,0.82860196,0.5337421,0.13689032,0.0989918
1168239296327,22.133106533,0.828282,0.53425324,0.13764106,0.0978643
1168259346003,22.153156209,0.82786596,0.5348808,0.13834837,0.09695498
1168279395678,22.173205884,0.8274305,0.53555405,0.13887677,0.096198194
1168299414836,22.193225042,0.82721543,0.53593147,0.13918003,0.09550449
1168319464511,22.213274717,0.8272583,0.5359899,0.13914305,0.094856925
1168339483669,22.233293875,0.8272866,0.53601414,0.13911536,0.094512746
1168359533344,22.25334355,0.82734644,0.5359465,0.13911979,0.094366275
1168379552502,22.273362708,0.827099,0.5362559,0.13962552,0.094030716
1168399602177,22.293412383,0.8264439,0.5371394,0.14061877,0.09326366
1168419651853,22.313462059,0.8256323,0.53819937,0.14197537,0.09228119
1168439671011,22.333481217,0.8256323,0.53819937,0.14197537,0.09228119
1168459720686,22.353530892,0.82344925,0.54111665,0.14518018,0.08970401
1168479770361,22.373580567,0.8225278,0.5422605,0.14695933,0.08834385
1168499789519,22.393599725,0.82334954,0.54092425,0.14766029,0.08770985
1168519839194,22.4136494,0.82428646,0.5399513,0.14649351,0.086856596
1168539858352,22.433668558,0.82451624,0.5402111,0.14463678,0.086169586
1168559908028,22.453718234,0.8240094,0.5411065,0.14418404,0.08615823
1168579927185,22.473737391,0.82360965,0.5414408,0.1450145,0.08648599
1168599976861,22.493787067,0.82374674,0.5409545,0.14594315,0.0866614
1168619996019,22.513806225,0.8240817,0.540375,0.14627548,0.08653198
1168640015177,22.533825383,0.8243397,0.54014945,0.14572215,0.086416
1168660064853,22.553875059,0.8245856,0.5399987,0.14487952,0.08642907
1168680084011,22.573894217,0.8248897,0.53971386,0.14412773,0.086563274
1168700133686,22.593943892,0.8252443,0.53928256,0.14350468,0.08690573
1168720152844,22.61396305,0.8252443,0.53928256,0.14350468,0.08690573
1168740202519,22.634012725,0.8252443,0.53928256,0.14350468,0.08690573
1168760221677,22.654031883,0.8252443,0.53928256,0.14350468,0.08690573
1168780271352,22.674081558,0.8258578,0.5382416,0.14347194,0.08758284
1168800290510,22.694100716,0.82598126,0.53808284,0.14334823,0.08759613
1168820309668,22.714119874,0.8261797,0.5378955,0.14293987,0.08754262
1168840359343,22.734169549,0.8264436,0.5375996,0.14261265,0.087402605
1168860378501,22.754188707,0.82666475,0.5373505,0.1423435,0.08728262
1168880397660,22.774207866,0.82671744,0.5372927,0.14218935,0.087389804
1168900447334,22.79425754,0.8267768,0.537226,0.14200509,0.087539084
1168920466493,22.814276699,0.82695377,0.53704053,0.14172173,0.08746429
1168940485651,22.834295857,0.8271923,0.5367569,0.14152072,0.08727442
1168960535326,22.854345532,0.827517,0.5364298,0.14099494,0.08705968
1168980585001,22.874395207,0.8279885,0.5360831,0.13974331,0.08672846
1169000634676,22.894444882,0.8286422,0.5355786,0.13808893,0.08625061
1169020653835,22.914464041,0.82939225,0.53493106,0.13647214,0.08563085
1169040703509,22.934513715,0.830244,0.5341463,0.1348389,0.08485955
1169060722668,22.954532874,0.8314369,0.5328952,0.13295688,0.08401151
1169080772343,22.974582549,0.8330619,0.5310005,0.13060246,0.08360278
1169100791501,22.994601707,0.8348347,0.52885324,0.12782314,0.08382475
1169120841176,23.014651382,0.836363,0.5269964,0.12515369,0.084310725
1169140860334,23.03467054,0.83757305,0.5255135,0.1229349,0.0848173
1169160910009,23.054720215,0.838422,0.52446866,0.12124655,0.08532586
1169180959685,23.074769891,0.83884555,0.5240847,0.119646266,0.08577976
1169200978842,23.094789048,0.8392686,0.5238035,0.11761562,0.08616669
1169221028518,23.114838724,0.83997995,0.5231196,0.11520875,0.08664042
1169241078192,23.134888398,0.8409447,0.5219837,0.11278632,0.08731777
1169261097351,23.154907557,0.8419806,0.5206148,0.11070828,0.08816257
1169281147026,23.174957232,0.84283984,0.51934373,0.10926273,0.089245476
1169301166184,23.19497639,0.843598,0.51827186,0.10784536,0.090033755
1169321215859,23.215026065,0.8444852,0.51700646,0.10641355,0.0906935
1169341235017,23.235045223,0.84531766,0.51587313,0.104717806,0.09136373
1169361284692,23.255094898,0.84606,0.5148614,0.102817245,0.09235291
1169381303850,23.275114056,0.84672177,0.513957,0.100849874,0.09348735
1169401353526,23.295163732,0.84724844,0.5132347,0.09896187,0.094693474
1169421372683,23.315182889,0.8476718,0.5126139,0.097439125,0.095839754
1169441422359,23.335232565,0.8484034,0.5113957,0.09638759,0.09693075
1169461441517,23.355251723,0.8498205,0.5089005,0.095729664,0.09829138
1169481491192,23.375301398,0.8518926,0.5052717,0.09489873,0.09986925
1169501510350,23.395320556,0.85409343,0.50132483,0.09389041,0.101894364
1169521560025,23.415370231,0.85598445,0.4978457,0.092761025,0.10409486
1169541579183,23.435389389,0.8573624,0.49532518,0.09107712,0.106243156
1169561628858,23.455439064,0.85830873,0.49351203,0.089316696,0.10851065
1169581648016,23.475458222,0.8590809,0.49182734,0.08816442,0.11096388
1169601697691,23.495507897,0.85988533,0.48997134,0.08748044,0.11345785
1169621716849,23.515527055,0.8608655,0.48782086,0.08681122,0.1157814
1169641766525,23.535576731,0.8620353,0.4853889,0.08595153,0.11792012
1169661785682,23.555595888,0.86329037,0.4828392,0.08464745,0.120129295
1169681835358,23.575645564,0.8644235,0.48050702,0.08293122,0.122505195
1169701854517,23.595664723,0.865321,0.47858566,0.08098375,0.1249687
1169721904191,23.615714397,0.86601985,0.4769967,0.07928066,0.12727351
1169741923350,23.635733556,0.86654717,0.47566304,0.07846246,0.12916863
1169761973024,23.65578323,0.86695266,0.4746037,0.07822715,0.13048019
1169781992183,23.675802389,0.86707026,0.47412506,0.07801509,0.13156076
1169802041858,23.695852064,0.867041,0.4739622,0.077531,0.13262248
1169822061016,23.715871222,0.86702394,0.47376072,0.07701853,0.1337476
1169842110691,23.735920897,0.86701316,0.47350603,0.077018425,0.13471566
1169862129849,23.755940055,0.8669198,0.4734423,0.07730865,0.13537279
1169882179524,23.77598973,0.8666978,0.4736603,0.07751924,0.13591078
1169902198682,23.796008888,0.86626136,0.47427318,0.07757343,0.13652368
1169922248358,23.816058564,0.86573464,0.47504908,0.07765444,0.13711981
1169942267515,23.836077721,0.8652613,0.47578564,0.0776475,0.1375567
1169962317191,23.856127397,0.8652613,0.47578564,0.0776475,0.1375567
1169982336349,23.876146555,0.8652613,0.47578564,0.0776475,0.1375567
1170002355506,23.896165712,0.8652613,0.47578564,0.0776475,0.1375567
1170022405182,23.916215388,0.8642854,0.4771181,0.07796444,0.13889113
1170042485374,23.93629558,0.8642854,0.4771181,0.07796444,0.13889113
1170062504532,23.956314738,0.8640207,0.47735718,0.07854584,0.139388
1170082523690,23.976333896,0.8638187,0.477623,0.07863103,0.13968106
1170102573365,23.996383571,0.86366856,0.4778275,0.07878818,0.13982128
1170122592523,24.016402729,0.8635799,0.47794634,0.07900546,0.13983975
1170142611681,24.036421887,0.8634473,0.47808662,0.07942178,0.13994326
1170162661356,24.056471562,0.86325383,0.4782993,0.079916045,0.14012897
1170182680515,24.076490721,0.86302334,0.4785212,0.08058754,0.14040597
1170202699673,24.096509879,0.86271256,0.47878793,0.081567265,0.14084032
1170222749348,24.116559554,0.86234576,0.4790945,0.082716905,0.14137313
1170242768506,24.136578712,0.8620185,0.4794444,0.083452,0.14174956
1170262787664,24.15659787,0.8618647,0.4796902,0.08356581,0.1417867
1170282837339,24.176647545,0.8618533,0.47972065,0.08357504,0.14174716
1170302856497,24.196666703,0.8618577,0.47966295,0.08372641,0.1418264
1170322875655,24.216685861,0.8617961,0.4797144,0.08388239,0.14193474
1170342925330,24.236735536,0.86170787,0.47981504,0.08409194,0.14200555
1170362944488,24.256754694,0.8616584,0.479852,0.084289074,0.14206395
1170382963647,24.276773853,0.86162776,0.47987634,0.08435571,0.14212808
1170403013322,24.296823528,0.8614799,0.48005515,0.08450563,0.1423317
1170423032480,24.316842686,0.8612055,0.48038718,0.084971465,0.14259419
1170443082156,24.336892362,0.86099136,0.48061356,0.085445076,0.14284208
1170463101313,24.356911519,0.86093193,0.48066172,0.08561048,0.14293838
1170483150989,24.376961195,0.8608942,0.48065943,0.08583397,0.14303955
1170503170147,24.396980353,0.8607269,0.48082635,0.08640851,0.14313921
1170523189304,24.41699951,0.8603774,0.48128596,0.08709304,0.14328055
1170543238980,24.437049186,0.8598771,0.48194554,0.087946594,0.14354557
1170563258138,24.457068344,0.85928744,0.4827094,0.089039594,0.14383557
1170583307813,24.477118019,0.85863173,0.4835683,0.09012785,0.1441879
1170603326971,24.497137177,0.85796016,0.4844977,0.09103833,0.14449407
1170623376646,24.517186852,0.8573545,0.48538592,0.09166795,0.14470959
1170643395804,24.53720601,0.85683066,0.48615688,0.09223475,0.14486368
1170663445479,24.557255685,0.85645974,0.48664588,0.092713274,0.14510974
1170683464638,24.577274844,0.85626084,0.48693892,0.09284879,0.14521317
1170703483796,24.597294002,0.85611033,0.48717752,0.092993885,0.14520784
1170723533471,24.617343677,0.855992,0.4873717,0.09310184,0.14518467
1170743552629,24.637362835,0.85590607,0.48750332,0.09313289,0.14522961
1170763602304,24.65741251,0.8557948,0.4876586,0.093191415,0.14532682
1170783621462,24.677431668,0.8556922,0.4878205,0.09318357,0.14539249
1170803671138,24.697481344,0.85565513,0.4879423,0.092980295,0.1453314
1170823690295,24.717500501,0.85570705,0.4879515,0.09259629,0.14523992
1170843739971,24.737550177,0.855807,0.48788765,0.09215815,0.14514504
1170863759129,24.757569335,0.85593677,0.48779675,0.091698885,0.14497577
1170883808804,24.77761901,0.8560089,0.48778227,0.09139379,0.14479114
1170903827962,24.797638168,0.8559421,0.48796177,0.09130268,0.14463821
1170923877637,24.817687843,0.8557579,0.48829222,0.0913075,0.14461005
1170943896795,24.837707001,0.8555309,0.48868844,0.09131177,0.14461173
1170963946470,24.857756676,0.8553545,0.4890491,0.09123616,0.14448439
1170983965628,24.877775834,0.8552997,0.4892189,0.09109379,0.14432375
1171004015303,24.897825509,0.8552987,0.48928568,0.09092803,0.14420824
1171024034461,24.917844667,0.8552734,0.48935172,0.09085161,0.14418164
1171044084136,24.937894342,0.85521626,0.48940548,0.09098886,0.14425176
1171064184210,24.957994416,0.855129,0.4895132,0.09119975,0.14427069
1171084233900,24.978044106,0.85503995,0.48967457,0.09131755,0.14417607
1171104253074,24.99806328,0.85500664,0.4897958,0.09125093,0.14400396
1171124272247,25.018082453,0.85506916,0.48972845,0.09112873,0.1439393
1171144321938,25.038132144,0.8552074,0.4895451,0.090962775,0.14384569
1171164341112,25.058151318,0.85530585,0.4894188,0.09086381,0.14375266
1171184390802,25.078201008,0.85526013,0.48952115,0.090881646,0.1436658
1171204409976,25.098220182,0.85505575,0.48982224,0.091121696,0.14370306
1171224429149,25.118239355,0.8548485,0.49015328,0.09126999,0.14371394
1171244478840,25.138289046,0.8547254,0.49037433,0.09129826,0.14367422
1171264498013,25.158308219,0.85474527,0.49039295,0.09115617,0.14358273
1171284547704,25.17835791,0.85483867,0.49032933,0.090920016,0.14339322
1171304566879,25.198377085,0.8549168,0.49027678,0.09074163,0.14322022
1171324586052,25.218396258,0.8549513,0.4902637,0.0907057,0.14308105
1171344635743,25.238445949,0.8549565,0.49022666,0.090721846,0.1431672
1171364654916,25.258465122,0.85501033,0.49014425,0.09055395,0.14323424
1171384704607,25.278514813,0.85514504,0.49000373,0.090275325,0.14308624
1171404723780,25.298533986,0.8552809,0.48983786,0.090179175,0.1429033
1171424773471,25.318583677,0.8553349,0.48973808,0.0903619,0.14280692
1171444792645,25.338602851,0.8553412,0.48968863,0.09048683,0.14285848
1171464842335,25.358652541,0.85541666,0.48953924,0.09048073,0.14292268
1171484861509,25.378671715,0.8555945,0.48930463,0.0902448,0.14281093
1171504880682,25.398690888,0.85569376,0.4891583,0.0901748,0.14276168
1171524930373,25.418740579,0.85571426,0.48909172,0.09030783,0.14278224
1171544949546,25.438759752,0.855882,0.48884442,0.09014991,0.14272487
1171564999237,25.458809443,0.8562919,0.48828685,0.08952737,0.14256588
1171585018411,25.478828617,0.85682285,0.4875629,0.08883216,0.1422885
1171605068101,25.498878307,0.85728174,0.48690566,0.08834181,0.14207949
1171625087276,25.518897482,0.85771304,0.48622113,0.08792852,0.14207686
1171645106449,25.538916655,0.8581931,0.48548597,0.087299936,0.14208058
1171665156140,25.558966346,0.85869616,0.48479724,0.08645163,0.14191072
1171685175313,25.578985519,0.85903627,0.4843459,0.08592372,0.1417146
1171705225004,25.59903521,0.8591856,0.48413482,0.08579993,0.14160489
1171725244177,25.619054383,0.8592408,0.4840476,0.085717216,0.14161833
1171745293868,25.639104074,0.8593111,0.48395723,0.085481964,0.14164314
1171765313042,25.659123248,0.85945576,0.48377538,0.08507793,0.14162982
1171785362733,25.679172939,0.8596418,0.4835327,0.084682696,0.14156632
1171805381906,25.699192112,0.8598646,0.48319957,0.08446214,0.14148277
1171825431597,25.719241803,0.8600601,0.48290282,0.08441118,0.14133781
1171845450770,25.739260976,0.8601985,0.48265678,0.08441351,0.14133453
1171865500461,25.759310667,0.86033815,0.4824574,0.08422211,0.14127886
1171885519634,25.77932984,0.86041224,0.48233363,0.08415659,0.1412901
1171905569325,25.799379531,0.8604779,0.48221746,0.084065326,0.14134093
1171925588498,25.819398704,0.86055005,0.48214194,0.08382219,0.14130375
1171945638189,25.839448395,0.8606641,0.4819658,0.08362282,0.14132814
1171965657363,25.859467569,0.86083144,0.48172632,0.0833513,0.14128552
1171985676537,25.879486743,0.8609116,0.48159802,0.08332781,0.1412484
1172005726228,25.899536434,0.86099577,0.48147318,0.08330239,0.14117602
1172025745401,25.919555607,0.8611206,0.48134637,0.08298154,0.14103554
1172045764575,25.939574781,0.8612227,0.48123825,0.08269288,0.14095086
1172065814265,25.959624471,0.8613825,0.4810826,0.0822875,0.14074296
1172085833439,25.979643645,0.86148393,0.48098978,0.08200475,0.14060475
1172105944164,25.99975437,0.86157775,0.48089758,0.08169838,0.14052331
1172125963337,26.019773543,0.86174375,0.48071283,0.08128881,0.14037476
1172146013028,26.039823234,0.861847,0.48061916,0.08097009,0.14024639
1172166032201,26.059842407,0.8619622,0.4805182,0.080647364,0.14006947
1172186081892,26.079892098,0.8620693,0.48043895,0.08032284,0.13986807
1172206101066,26.099911272,0.8621264,0.48042515,0.08006836,0.13971016
1172226150756,26.119960962,0.86220986,0.48037314,0.07977511,0.13954155
1172246200447,26.140010653,0.8623012,0.48027536,0.07962813,0.13939808
1172266219620,26.160029826,0.86237586,0.48015004,0.07975558,0.13929443
1172286238795,26.180049001,0.8625302,0.47987202,0.0798024,0.13927077
1172306288485,26.200098691,0.8627122,0.47954494,0.079762824,0.13929231
1172326338175,26.220148381,0.86283374,0.4793851,0.07965053,0.13915361
1172346357350,26.240167556,0.86288303,0.47938666,0.07945901,0.13895226
1172366407040,26.260217246,0.8628241,0.4795424,0.079310596,0.13886489
1172386426214,26.28023642,0.8626985,0.47976413,0.079314895,0.13887718
1172406475904,26.30028611,0.8625863,0.47998533,0.07928916,0.13882448
1172426525595,26.320335801,0.8624679,0.48019865,0.079232246,0.13885535
1172446544769,26.340354975,0.86237884,0.48035207,0.07916888,0.1389138
1172466594459,26.360404665,0.86232394,0.48046187,0.07915325,0.13888355
1172486644150,26.380454356,0.8623169,0.4805158,0.07906224,0.13879223
1172506663323,26.400473529,0.86235595,0.48047805,0.07895868,0.13873926
1172526713014,26.42052322,0.8624115,0.48042417,0.078833126,0.13865212
1172546732188,26.440542394,0.8625121,0.4803458,0.07856838,0.13844758
1172566781878,26.460592084,0.86261225,0.4802954,0.07819117,0.13821253
1172586801052,26.480611258,0.8627005,0.4802217,0.07794558,0.13805665
1172606850742,26.500660948,0.8627584,0.48013568,0.07786046,0.13804135
1172626869917,26.520680123,0.86283016,0.4800233,0.07770817,0.1380695
1172646919608,26.540729814,0.86286527,0.47995093,0.07762949,0.13814624
1172666938781,26.560748987,0.86285126,0.47996518,0.07767377,0.13815875
1172686988472,26.580798678,0.8629306,0.47983134,0.07772077,0.13810296
1172707007645,26.600817851,0.86310714,0.4795335,0.077767454,0.13800725
1172727057336,26.620867542,0.86335266,0.47913703,0.0776467,0.13791694
1172747076509,26.640886715,0.8635351,0.47883174,0.07760901,0.13785532
1172767126200,26.660936406,0.86348426,0.47893065,0.07775298,0.13774957
1172787145373,26.680955579,0.86322916,0.47933358,0.07812386,0.13773653
1172807195064,26.70100527,0.8628436,0.47988284,0.078664154,0.13793305
1172827214238,26.721024444,0.8623022,0.48066184,0.07937989,0.1381962
1172847233411,26.741043617,0.8615316,0.4817728,0.08047391,0.13849987
1172867283102,26.761093308,0.8608564,0.48277816,0.081323236,0.13870148
1172887302275,26.781112481,0.86047006,0.48338628,0.08146279,0.13889825
1172907351966,26.801162172,0.86038715,0.48355052,0.08127297,0.13895181
1172927371139,26.821181345,0.8604054,0.4835166,0.0813654,0.13890317
1172947420830,26.841231036,0.86025625,0.4836476,0.0819499,0.13902725
1172967470521,26.861280727,0.85952777,0.48461133,0.08340933,0.13930845
1172987489695,26.881299901,0.85775626,0.48720828,0.08614433,0.13950433
1173007508869,26.901319075,0.855624,0.49034867,0.089136764,0.13971521
1173027558559,26.921368765,0.8535704,0.49343574,0.091514856,0.13987131
1173047577733,26.941387939,0.85280144,0.49466246,0.09218128,0.13979079
1173067596906,26.961407112,0.8530973,0.49432766,0.09165674,0.1395143
1173087646597,26.981456803,0.8538023,0.49336493,0.090750255,0.13920164
1173107696288,27.001506494,0.85412186,0.4929452,0.09026988,0.13904111
1173127745978,27.021556184,0.8538911,0.49335632,0.09025147,0.13901168
1173147765152,27.041575358,0.8534689,0.49401596,0.09058658,0.13904357
1173167814843,27.061625049,0.8532167,0.49431264,0.09110416,0.13919902
1173187834017,27.081644223,0.8531117,0.49440277,0.091463655,0.13928667
1173207883707,27.101693913,0.85292554,0.49463803,0.09181273,0.13936152
1173227902881,27.121713087,0.85264647,0.49501732,0.09219211,0.13947202
1173247952572,27.141762778,0.8524892,0.49524847,0.09222209,0.13959366
1173267971745,27.161781951,0.8524785,0.4953214,0.09191026,0.13960607
1173288021436,27.181831642,0.8524737,0.49541175,0.09169367,0.13945684
1173308040609,27.201850815,0.8523416,0.49566206,0.09185934,0.13926616
1173328090300,27.221900506,0.8520074,0.49613366,0.092331916,0.13931875
1173348109473,27.241919679,0.85161597,0.49664292,0.09283229,0.13956466
1173368159164,27.26196937,0.85134304,0.49700236,0.093164936,0.13972841
1173388208855,27.282019061,0.85114866,0.49729264,0.09336675,0.1397448
1173408228028,27.302038234,0.8509535,0.49757028,0.09356049,0.13981578
1173428277719,27.322087925,0.8507337,0.4978669,0.093837254,0.13991134
1173448327410,27.342137616,0.8504708,0.4982389,0.09434996,0.13984126
1173468346583,27.362156789,0.8500125,0.49893683,0.095032565,0.13967678
1173488396274,27.38220648,0.84946156,0.4997368,0.09582112,0.13963035
1173508415448,27.402225654,0.8490096,0.5004329,0.09625651,0.1395864
1173528465138,27.422275344,0.84876627,0.5008482,0.09645007,0.13944355
1173548514829,27.442325035,0.8486347,0.5010951,0.09681766,0.13910139
1173568534003,27.462344209,0.8485598,0.50129133,0.09721265,0.13857523
1173588583693,27.482393899,0.84854305,0.5014842,0.09720999,0.1379803
1173608633384,27.50244359,0.84848297,0.5016652,0.097123936,0.13775277
1173628652558,27.522462764,0.8483885,0.5019024,0.096944466,0.13759632
1173648702248,27.542512454,0.8483197,0.5021765,0.09644964,0.1373681
1173668721422,27.562531628,0.84803516,0.50280994,0.09570801,0.13732657
1173688771113,27.582581319,0.84742737,0.50385344,0.09549429,0.13740292
1173708820804,27.60263101,0.8467605,0.50502044,0.09546196,0.13725254
1173728839977,27.622650183,0.8458705,0.5067034,0.09580927,0.13629155
1173748889668,27.642699874,0.8442516,0.5094356,0.09744944,0.13497566
1173768939358,27.662749564,0.8418439,0.51310486,0.101353325,0.13322887
1173788958532,27.682768738,0.8393033,0.516782,0.10584402,0.13154301
1173809008223,27.702818429,0.8369727,0.52019817,0.109471016,0.1299486
1173829027396,27.722837602,0.83596724,0.52159697,0.11227813,0.12841013
1173849077087,27.742887293,0.83557785,0.52215916,0.11459949,0.12659606
1173869096260,27.762906466,0.8352428,0.52273,0.1167675,0.12445188
1173889145951,27.782956157,0.8344745,0.52387804,0.1190751,0.12257719
1173909165125,27.802975331,0.8333961,0.52531487,0.12176671,0.12111223
1173929214815,27.823025021,0.83227056,0.5267834,0.124769315,0.119405694
1173949233989,27.843044195,0.82982343,0.530012,0.1294564,0.117138915
1173969253162,27.863063368,0.82826436,0.53115857,0.13496126,0.11676513
1173989302853,27.883113059,0.8279928,0.531021,0.13807978,0.11566606
1174009322026,27.903132232,0.8291995,0.5294571,0.13792004,0.114373975
1174029341201,27.923151407,0.83058184,0.5280644,0.13571166,0.11342059
1174049390891,27.943201097,0.831005,0.52765304,0.1347056,0.11343477
1174069410065,27.963220271,0.8305751,0.5277837,0.13601471,0.114409864
1174089459755,27.983269961,0.830385,0.5276293,0.13733655,0.114920594
1174109509446,28.003319652,0.8311041,0.52668786,0.13682291,0.114653096
1174129559136,28.023369342,0.8323819,0.5251938,0.13502444,0.114369296
1174149578310,28.043388516,0.833546,0.523674,0.13339864,0.11476703
1174169628001,28.063438207,0.83430797,0.5224898,0.13273422,0.11539689
1174189677691,28.083487897,0.83458835,0.5219317,0.1323717,0.11630714
