time,seconds_elapsed,x,y,z
5554618583259,0.013858772,60.058594,-115.72266,-266.11328
5554638602424,0.033877937,60.253906,-114.453125,-265.72266
5554658682624,0.053958137,59.765625,-114.64844,-266.5039
5554678762825,0.074038338,59.570312,-112.01172,-266.69922
5554698812508,0.094088021,59.66797,-111.328125,-266.3086
5554718892707,0.11416822,59.765625,-112.30469,-266.40625
5554738942390,0.134217903,59.179688,-112.109375,-266.40625
5554758961556,0.154237069,59.179688,-112.5,-266.69922
5554779011239,0.174286752,59.179688,-111.91406,-266.3086
5554799060922,0.194336435,59.277344,-112.20703,-266.60156
5554819110606,0.214386119,58.496094,-113.18359,-265.91797
5554839160288,0.234435801,58.59375,-112.5,-266.21094
5554859179454,0.254454967,58.691406,-113.76953,-266.11328
5554879229137,0.27450465,59.375,-114.35547,-266.3086
5554899278820,0.294554333,58.59375,-111.71875,-265.91797
5554919328503,0.314604016,58.10547,-110.05859,-266.3086
5554939378186,0.334653699,57.714844,-108.49609,-264.7461
5554959427869,0.354703382,57.51953,-108.30078,-266.3086
5554979477552,0.374753065,57.714844,-108.00781,-265.625
5554999527235,0.394802748,57.714844,-110.74219,-265.52734
5555019576917,0.41485243,57.421875,-112.01172,-265.13672
5555039596084,0.434871597,57.8125,-114.74609,-266.60156
5555059645766,0.454921279,58.007812,-114.55078,-265.72266
5555079695449,0.474970962,58.007812,-114.94141,-266.5039
5555099745132,0.495020645,57.226562,-113.57422,-264.55078
5555119794816,0.515070329,57.910156,-114.64844,-266.21094
5555139844499,0.535120012,57.617188,-114.84375,-265.4297
5555159894182,0.555169695,58.007812,-115.234375,-265.8203
5555179943864,0.575219377,57.8125,-115.33203,-265.91797
5555199993547,0.59526906,58.30078,-115.33203,-265.33203
5555220043230,0.615318743,57.226562,-115.33203,-265.8203
5555240092913,0.635368426,58.10547,-114.55078,-265.91797
5555260112079,0.655387592,58.789062,-115.91797,-267.48047
5555280161762,0.675437275,58.984375,-115.82031,-267.1875
5555300211445,0.695486958,59.765625,-116.30859,-267.48047
5555320261129,0.715536642,59.179688,-115.33203,-267.67578
5555340310811,0.735586324,58.984375,-115.82031,-267.28516
5555360329977,0.75560549,59.570312,-115.625,-267.28516
5555380379660,0.775655173,59.472656,-116.21094,-268.26172
5555400429343,0.795704856,59.472656,-115.91797,-267.3828
5555420479026,0.815754539,59.179688,-115.82031,-267.28516
5555440528709,0.835804222,59.375,-115.52734,-267.8711
5555460578392,0.855853905,58.984375,-115.52734,-267.3828
5555480628075,0.875903588,59.66797,-115.625,-268.75
5555500647241,0.895922754,58.203125,-115.52734,-267.48047
5555520696924,0.915972437,59.08203,-116.11328,-268.26172
5555540746607,0.93602212,59.179688,-115.42969,-267.08984
5555560796289,0.956071802,58.88672,-115.625,-267.57812
5555580845972,0.976121485,59.179688,-115.91797,-266.89453
5555600895656,0.996171169,59.179688,-115.625,-267.96875
5555620945339,1.016220852,59.277344,-115.72266,-267.48047
5555640995022,1.036270535,58.398438,-115.52734,-267.8711
5555661044705,1.056320218,59.277344,-115.82031,-267.67578
5555681094387,1.0763699,59.08203,-115.625,-267.3828
5555701144070,1.096419583,59.570312,-115.82031,-268.16406
5555721193753,1.116469266,58.88672,-115.52734,-266.89453
5555741212919,1.136488432,57.421875,-115.03906,-266.89453
5555761262602,1.156538115,59.375,-115.42969,-268.0664
5555781312285,1.176587798,59.570312,-116.015625,-267.8711
5555801361968,1.196637481,58.30078,-115.33203,-267.1875
5555821411652,1.216687165,59.375,-115.52734,-268.45703
5555841461334,1.236736847,59.66797,-115.33203,-268.35938
5555861511017,1.25678653,59.570312,-115.42969,-268.26172
5555881560700,1.276836213,59.86328,-115.52734,-268.65234
5555901610383,1.296885896,59.570312,-115.42969,-268.45703
5555921660066,1.316935579,58.984375,-115.234375,-268.45703
5555941709749,1.336985262,59.179688,-115.234375,-268.65234
5555961759432,1.357034945,58.59375,-115.42969,-269.04297
5555981809115,1.377084628,59.277344,-114.453125,-269.4336
5556001858798,1.397134311,59.277344,-114.64844,-268.75
5556021908481,1.417183994,58.88672,-114.453125,-269.23828
5556041958164,1.437233677,59.277344,-114.0625,-269.23828
5556062007847,1.45728336,59.277344,-114.453125,-268.45703
5556082057529,1.477333042,58.10547,-113.671875,-268.84766
5556102107212,1.497382725,57.32422,-112.98828,-267.77344
5556122156896,1.517432409,58.88672,-113.28125,-269.23828
5556142206579,1.537482092,59.277344,-113.47656,-269.6289
5556162256262,1.557531775,59.570312,-114.25781,-269.33594
5556182305945,1.577581458,59.66797,-113.671875,-269.14062
5556202355627,1.59763114,59.179688,-113.86719,-268.84766
5556222405310,1.617680823,59.86328,-113.76953,-268.75
5556242454993,1.637730506,59.960938,-113.671875,-269.53125
5556262504677,1.65778019,60.351562,-114.0625,-268.9453
5556282554360,1.677829873,60.351562,-113.76953,-268.16406
5556302604042,1.697879555,60.546875,-113.76953,-268.65234
5556322684242,1.717959755,60.742188,-113.86719,-269.04297
5556342764442,1.738039955,60.351562,-113.28125,-269.04297
5556362814125,1.758089638,61.23047,-113.96484,-268.84766
5556382863808,1.778139321,60.839844,-114.0625,-269.4336
5556402913491,1.798189004,59.472656,-113.76953,-268.0664
5556422932657,1.81820817,58.30078,-112.890625,-268.16406
5556442982340,1.838257853,60.351562,-113.86719,-269.82422
5556463032023,1.858307536,60.253906,-112.98828,-269.53125
5556483081706,1.878357219,59.86328,-112.30469,-269.04297
5556503131389,1.898406902,59.86328,-113.76953,-269.33594
5556523181072,1.918456585,59.66797,-112.59766,-269.6289
5556543261272,1.938536785,59.765625,-112.98828,-269.23828
5556563310954,1.958586467,60.15625,-114.64844,-270.01953
5556583360638,1.978636151,59.86328,-114.0625,-269.72656
5556603410321,1.998685834,59.86328,-114.25781,-270.60547
5556623460004,2.018735517,59.960938,-113.86719,-270.60547
5556643509687,2.0387852,59.66797,-113.671875,-270.5078
5556663559370,2.058834883,59.66797,-113.47656,-271.28906
5556683670087,2.0789456,59.277344,-113.47656,-270.41016
5556703719769,2.098995282,59.472656,-113.37891,-271.28906
5556723769452,2.119044965,58.691406,-113.28125,-270.89844
5556743819136,2.139094649,59.08203,-113.57422,-271.1914
5556763868819,2.159144332,59.277344,-112.890625,-270.60547
5556783918502,2.179194015,59.08203,-112.98828,-270.80078
5556804029219,2.199304732,59.08203,-113.47656,-271.38672
5556824078901,2.219354414,59.86328,-113.57422,-270.9961
5556844128584,2.239404097,59.570312,-113.76953,-271.1914
5556864178267,2.25945378,59.472656,-114.0625,-270.89844
5556884227950,2.279503463,59.86328,-113.57422,-271.97266
5556904277633,2.299553146,60.64453,-114.0625,-271.09375
5556924327317,2.31960283,60.546875,-113.671875,-271.38672
5556944376999,2.339652512,61.132812,-114.16016,-271.1914
5556964426682,2.359702195,61.035156,-114.0625,-270.80078
5556984476365,2.379751878,61.523438,-113.96484,-271.09375
5557004526048,2.399801561,61.42578,-114.0625,-271.97266
5557024575731,2.419851244,61.71875,-114.0625,-271.38672
5557044625414,2.439900927,60.742188,-113.671875,-270.89844
5557064675097,2.45995061,61.42578,-113.47656,-270.9961
5557084694263,2.479969776,62.5,-113.671875,-271.6797
5557104743945,2.500019458,63.28125,-114.0625,-272.16797
5557124793629,2.520069142,63.671875,-114.0625,-272.36328
5557144843312,2.540118825,63.378906,-114.35547,-271.48438
5557164892995,2.560168508,63.867188,-114.16016,-271.875
5557184942678,2.580218191,64.0625,-114.16016,-271.97266
5557204992361,2.600267874,64.16016,-113.671875,-272.26562
5557225011527,2.62028704,63.964844,-113.47656,-272.7539
5557245061210,2.640336723,63.867188,-113.57422,-272.26562
5557265110893,2.660386406,63.867188,-113.37891,-273.04688
5557285160575,2.680436088,64.16016,-113.76953,-273.4375
5557305179742,2.700455255,63.76953,-113.76953,-272.85156
5557325229424,2.720504937,64.25781,-113.86719,-273.6328
5557345279107,2.74055462,63.964844,-114.0625,-272.94922
5557365328790,2.760604303,64.0625,-114.16016,-271.875
5557385378473,2.780653986,65.13672,-114.84375,-273.2422
5557405428157,2.80070367,64.94141,-114.64844,-272.65625
5557425477840,2.820753353,65.625,-114.64844,-272.94922
5557445527522,2.840803035,65.03906,-115.33203,-272.26562
5557465577205,2.860852718,65.33203,-115.33203,-272.36328
5557485626888,2.880902401,64.74609,-115.72266,-272.65625
5557505676571,2.900952084,65.42969,-115.625,-273.73047
5557525726254,2.921001767,65.72266,-116.21094,-272.65625
5557545775937,2.94105145,65.72266,-116.89453,-273.04688
5557565825620,2.961101133,65.03906,-116.89453,-272.46094
5557585875303,2.981150816,65.42969,-116.99219,-272.5586
5557605924986,3.001200499,65.82031,-117.28516,-272.94922
5557625944152,3.021219665,65.42969,-117.08984,-272.7539
5557645993835,3.041269348,64.74609,-116.60156,-273.92578
5557666043518,3.061319031,64.35547,-117.1875,-273.73047
5557686123717,3.08139923,63.28125,-116.21094,-272.7539
5557706173401,3.101448914,62.695312,-117.38281,-273.82812
5557726223084,3.121498597,62.109375,-117.38281,-274.21875
5557746242249,3.141517762,62.304688,-117.08984,-273.92578
5557766291933,3.161567446,62.109375,-118.26172,-273.53516
5557786341616,3.181617129,61.621094,-118.359375,-273.33984
5557806391299,3.201666812,62.109375,-118.84766,-273.33984
5557826471498,3.221747011,61.132812,-118.359375,-272.94922
5557846521181,3.241796694,60.9375,-118.65234,-273.4375
5557866540347,3.26181586,60.058594,-118.75,-273.4375
5557886590030,3.281865543,60.058594,-118.65234,-273.92578
5557906639713,3.301915226,59.66797,-118.94531,-273.33984
5557926689397,3.32196491,59.277344,-119.53125,-273.73047
5557946739080,3.342014593,58.789062,-119.53125,-273.73047
5557966788762,3.362064275,58.789062,-119.33594,-272.85156
5557986838445,3.382113958,57.8125,-119.53125,-273.6328
5558006888128,3.402163641,57.226562,-119.04297,-271.97266
5558026937811,3.422213324,56.445312,-119.04297,-271.875
5558046987494,3.442263007,57.617188,-119.62891,-273.14453
5558067037178,3.462312691,57.8125,-120.3125,-273.33984
5558087117377,3.48239289,57.910156,-119.62891,-273.73047
5558107167060,3.502442573,57.51953,-119.53125,-273.2422
5558127216743,3.522492256,58.007812,-119.72656,-273.33984
5558147266426,3.542541939,57.910156,-119.43359,-273.33984
5558167316109,3.562591622,58.007812,-119.43359,-272.94922
5558187365792,3.582641305,58.10547,-119.23828,-273.33984
5558207415475,3.602690988,58.007812,-119.140625,-273.14453
5558227465158,3.622740671,58.10547,-118.55469,-273.92578
5558247514841,3.642790354,59.08203,-117.48047,-273.82812
5558267564523,3.662840036,58.984375,-117.48047,-273.82812
5558287614206,3.682889719,58.984375,-116.21094,-274.60938
5558307663890,3.702939403,58.984375,-117.1875,-274.1211
5558327713573,3.722989086,58.398438,-116.69922,-273.14453
5558347763256,3.743038769,58.203125,-116.11328,-272.7539
5558367812939,3.763088452,58.30078,-116.11328,-273.6328
5558387862621,3.783138134,59.277344,-116.30859,-273.92578
5558407912304,3.803187817,58.88672,-116.60156,-274.51172
5558427961987,3.8232375,59.66797,-115.72266,-275.09766
5558448011671,3.843287184,59.08203,-115.82031,-274.8047
5558468061354,3.863336867,58.88672,-115.13672,-274.51172
5558488111036,3.883386549,58.88672,-115.42969,-274.90234
5558508160719,3.903436232,59.277344,-115.625,-274.3164
5558528210402,3.923485915,59.66797,-115.33203,-274.41406
5558548260085,3.943535598,59.66797,-115.72266,-274.41406
5558568309768,3.963585281,59.765625,-115.42969,-274.60938
5558588359451,3.983634964,59.66797,-115.234375,-274.41406
5558608409134,4.003684647,59.66797,-115.13672,-274.8047
5558628489334,4.023764847,59.86328,-114.64844,-274.51172
5558648539017,4.04381453,58.30078,-112.79297,-273.4375
5558668588700,4.063864213,58.007812,-112.890625,-272.94922
5558688638383,4.083913896,59.08203,-113.18359,-273.2422
5558708688066,4.103963579,59.277344,-113.57422,-273.92578
5558728737749,4.124013262,59.179688,-113.47656,-273.92578
5558748787432,4.144062945,58.984375,-112.890625,-273.92578
5558768837115,4.164112628,59.277344,-113.18359,-274.21875
5558788917315,4.184192828,59.472656,-112.79297,-274.21875
5558808936480,4.204211993,59.570312,-112.109375,-274.41406
5558828986164,4.224261677,59.179688,-111.91406,-274.8047
5558849035847,4.24431136,59.179688,-111.328125,-274.70703
5558869085530,4.264361043,58.789062,-111.42578,-275.6836
5558889135213,4.284410726,58.398438,-112.01172,-274.51172
5558909184895,4.304460408,58.30078,-111.81641,-274.41406
5558929234578,4.324510091,57.421875,-111.71875,-274.3164
5558949314779,4.344590292,58.30078,-112.5,-274.70703
5558969364462,4.364639975,57.714844,-111.52344,-274.21875
5558989414144,4.384689657,58.398438,-111.81641,-274.60938
5559009463827,4.40473934,57.617188,-111.03516,-274.21875
5559029544028,4.424819541,58.30078,-111.42578,-274.70703
5559049593710,4.444869223,57.32422,-111.328125,-274.8047
5559069643393,4.464918906,57.128906,-111.13281,-275.09766
5559089693076,4.484968589,57.03125,-111.03516,-275.09766
5559109742759,4.505018272,56.445312,-110.74219,-275.09766
5559129792442,4.525067955,55.859375,-110.74219,-275.09766
5559149872642,4.545148155,55.95703,-110.83984,-275.48828
5559169922325,4.565197838,56.054688,-110.9375,-274.70703
5559189972008,4.585247521,56.152344,-111.13281,-274.70703
5559210021691,4.605297204,55.76172,-110.546875,-274.41406
5559230071374,4.625346887,55.95703,-109.17969,-273.53516
5559250121057,4.64539657,55.95703,-110.83984,-273.92578
5559270170740,4.665446253,55.76172,-110.74219,-274.51172
5559290220423,4.685495936,54.296875,-109.08203,-272.85156
5559310270106,4.705545619,55.859375,-110.44922,-273.92578
5559330319789,4.725595302,56.152344,-110.25391,-274.51172
5559350369471,4.745644984,56.347656,-110.05859,-273.6328
5559370419154,4.765694667,57.03125,-109.47266,-274.51172
5559390468838,4.785744351,56.54297,-108.69141,-274.21875
5559410518521,4.805794034,55.859375,-108.30078,-274.70703
5559430568204,4.825843717,56.25,-108.10547,-274.41406
5559450648403,4.845923916,56.640625,-108.49609,-274.60938
5559470698087,4.8659736,56.347656,-108.00781,-274.21875
5559490747770,4.886023283,56.25,-107.71484,-274.3164
5559510797453,4.906072966,55.95703,-107.51953,-274.1211
5559530847135,4.926122648,55.95703,-107.03125,-273.82812
5559550896818,4.946172331,56.152344,-107.421875,-273.33984
5559570946501,4.966222014,56.347656,-107.421875,-273.73047
5559590996184,4.986271697,56.640625,-107.51953,-272.85156
5559611076384,5.006351897,56.25,-106.44531,-272.5586
5559631126067,5.02640158,56.54297,-107.03125,-272.7539
5559651175750,5.046451263,56.73828,-106.73828,-272.94922
5559671225433,5.066500946,57.226562,-107.421875,-271.97266
5559691305633,5.086581146,57.51953,-107.51953,-272.46094
5559711324799,5.106600312,57.51953,-107.8125,-271.97266
5559731374482,5.126649995,57.128906,-107.71484,-271.1914
5559751424165,5.146699678,57.51953,-108.00781,-270.80078
5559771473848,5.166749361,57.03125,-107.8125,-270.70312
5559791523531,5.186799044,57.128906,-107.61719,-270.21484
5559811573214,5.206848727,57.714844,-108.39844,-270.1172
5559831653414,5.226928927,57.51953,-108.10547,-269.04297
5559851703097,5.24697861,57.421875,-108.39844,-269.4336
5559871752780,5.267028293,57.8125,-108.00781,-268.65234
5559891802462,5.287077975,57.617188,-108.30078,-268.9453
5559911852145,5.307127658,58.398438,-108.39844,-268.35938
5559931901829,5.327177342,56.835938,-107.32422,-266.9922
5559951982029,5.347257542,56.152344,-106.73828,-266.89453
5559972031711,5.367307224,57.128906,-107.03125,-268.65234
5559992081394,5.387356907,56.054688,-107.32422,-269.04297
5560012131078,5.407406591,55.664062,-107.12891,-267.96875
5560032180761,5.427456274,55.664062,-106.83594,-267.96875
5560052230444,5.447505957,55.273438,-107.51953,-268.0664
5560072280127,5.46755564,55.17578,-107.61719,-267.1875
5560092360327,5.48763584,55.078125,-107.32422,-267.08984
5560112410010,5.507685523,54.6875,-107.71484,-267.08984
5560132459693,5.527735206,54.19922,-107.22656,-267.08984
5560152509375,5.547784888,54.589844,-107.8125,-267.08984
5560172559058,5.567834571,53.90625,-108.00781,-266.9922
5560192608741,5.587884254,53.90625,-108.10547,-266.3086
5560212688941,5.607964454,53.41797,-108.203125,-266.01562
5560232738624,5.628014137,53.320312,-108.49609,-265.72266
5560252788307,5.64806382,51.85547,-107.91016,-264.16016
5560272837990,5.668113503,53.125,-108.78906,-265.72266
5560292887673,5.688163186,52.83203,-109.17969,-265.625
5560312937356,5.708212869,53.61328,-109.47266,-265.625
5560332987039,5.728262552,53.515625,-109.27734,-264.84375
5560353036722,5.748312235,53.320312,-109.47266,-264.35547
5560373086405,5.768361918,53.808594,-109.375,-264.0625
5560393136088,5.788411601,54.589844,-109.47266,-264.2578
5560413185771,5.808461284,54.882812,-109.57031,-264.0625
5560433235454,5.828510967,54.882812,-108.78906,-264.0625
5560453315654,5.848591167,55.371094,-109.17969,-263.96484
5560473365337,5.86864085,55.664062,-109.08203,-263.76953
5560493415020,5.888690533,55.859375,-108.10547,-264.35547
5560513464702,5.908740215,56.933594,-107.91016,-264.35547
5560533514385,5.928789898,56.640625,-107.22656,-264.35547
5560553564069,5.948839582,56.73828,-106.83594,-264.7461
5560573613752,5.968889265,55.76172,-105.66406,-262.40234
5560593693951,5.988969464,57.714844,-105.66406,-265.33203
5560613743634,6.009019147,58.10547,-106.44531,-264.9414
5560633793318,6.029068831,57.8125,-106.15234,-264.35547
5560653843001,6.049118514,58.59375,-105.46875,-264.7461
5560673892684,6.069168197,58.691406,-105.17578,-264.55078
5560693942367,6.08921788,58.30078,-105.27344,-265.13672
5560714022566,6.109298079,58.789062,-105.37109,-264.2578
5560734102766,6.129378279,59.08203,-104.58984,-264.64844
5560754152449,6.149427962,59.179688,-104.49219,-265.4297
5560774202132,6.169477645,59.66797,-104.58984,-265.13672
5560794251815,6.189527328,60.058594,-104.49219,-264.45312
5560814332015,6.209607528,60.253906,-104.39453,-264.35547
5560834381698,6.229657211,60.351562,-104.10156,-264.84375
5560854431381,6.249706894,60.9375,-104.98047,-264.45312
5560874481064,6.269756577,60.839844,-104.10156,-264.35547
5560894530748,6.289806261,60.15625,-103.90625,-263.1836
5560914580430,6.309855943,61.816406,-104.49219,-264.64844
5560934630113,6.329905626,61.523438,-104.19922,-264.16016
5560954679796,6.349955309,61.621094,-104.296875,-264.7461
5560974729479,6.370004992,61.71875,-104.00391,-264.55078
5560994779162,6.390054675,62.109375,-104.296875,-264.64844
5561014828844,6.410104357,62.109375,-104.39453,-264.7461
5561034909045,6.430184558,62.695312,-103.80859,-265.23438
5561054958728,6.450234241,62.79297,-103.22266,-265.13672
5561075008411,6.470283924,63.183594,-103.32031,-265.72266
5561095058093,6.490333606,63.183594,-103.41797,-265.4297
5561115107777,6.51038329,63.378906,-102.92969,-265.91797
5561135157460,6.530432973,62.79297,-102.83203,-266.3086
5561155207143,6.550482656,61.914062,-103.515625,-265.91797
5561175287342,6.570562855,62.109375,-103.41797,-266.11328
5561195337025,6.590612538,61.71875,-103.22266,-265.8203
5561215386709,6.610662222,61.23047,-102.92969,-264.9414
5561235405874,6.630681387,61.328125,-102.92969,-265.625
5561255455557,6.65073107,62.109375,-103.02734,-266.69922
5561275505241,6.670780754,62.5,-104.19922,-267.28516
5561295554924,6.690830437,61.914062,-103.32031,-266.40625
5561315604606,6.710880119,61.621094,-103.515625,-267.3828
5561335654289,6.730929802,61.621094,-104.49219,-267.8711
5561355703972,6.750979485,61.23047,-103.90625,-267.8711
5561375784173,6.771059686,61.523438,-103.90625,-267.3828
5561395833855,6.791109368,61.523438,-104.58984,-268.0664
5561415853022,6.811128535,61.621094,-104.296875,-268.16406
5561435902704,6.831178217,61.71875,-104.49219,-268.65234
5561455982904,6.851258417,61.816406,-104.98047,-268.5547
5561476002070,6.871277583,61.523438,-105.27344,-268.45703
5561496051753,6.891327266,61.816406,-105.56641,-268.45703
5561516101436,6.911376949,61.523438,-105.46875,-268.65234
5561536151119,6.931426632,60.15625,-104.49219,-266.60156
5561556200801,6.951476314,62.304688,-105.37109,-269.04297
5561576250485,6.971525998,62.5,-105.66406,-269.04297
5561596300168,6.991575681,62.98828,-105.66406,-269.23828
5561616380367,7.01165588,62.79297,-105.27344,-269.53125
5561636430050,7.031705563,63.28125,-104.296875,-269.82422
5561656479734,7.051755247,62.79297,-104.58984,-270.70312
5561676529417,7.07180493,62.5,-104.296875,-270.60547
5561696579100,7.091854613,62.98828,-104.58984,-270.21484
5561716628783,7.111904296,63.476562,-104.88281,-270.01953
5561736708983,7.131984496,63.76953,-105.17578,-270.60547
5561756758666,7.152034179,63.76953,-104.49219,-271.1914
5561776808349,7.172083862,63.867188,-104.49219,-271.1914
5561796858032,7.192133545,64.35547,-104.00391,-271.28906
5561816907714,7.212183227,64.16016,-104.78516,-270.80078
5561835980853,7.231256366,64.55078,-104.78516,-271.58203
5561856030536,7.251306049,64.55078,-105.078125,-270.80078
5561876080218,7.271355731,64.25781,-105.17578,-270.9961
5561896099385,7.291374898,64.74609,-105.56641,-270.9961
5561916149067,7.31142458,65.33203,-106.15234,-271.48438
5561936229268,7.331504781,66.30859,-106.44531,-270.89844
5561956248433,7.351523946,66.21094,-106.640625,-271.875
5561976298117,7.37157363,66.30859,-106.73828,-270.9961
5561996347800,7.391623313,66.89453,-107.51953,-271.6797
5562016397483,7.411672996,66.89453,-107.91016,-271.58203
5562036447165,7.431722678,66.99219,-107.8125,-272.0703
5562056496848,7.451772361,67.1875,-108.30078,-271.58203
5562076546531,7.471822044,67.1875,-108.88672,-271.58203
5562096596214,7.491871727,67.08984,-109.765625,-271.48438
5562116645897,7.51192141,68.06641,-109.765625,-272.26562
5562136665063,7.531940576,68.16406,-110.44922,-271.6797
5562156714746,7.551990259,67.48047,-109.96094,-270.89844
5562176764429,7.572039942,66.50391,-109.765625,-270.1172
5562196814112,7.592089625,67.38281,-110.15625,-272.46094
5562216863795,7.612139308,66.69922,-109.96094,-272.46094
5562236913478,7.632188991,66.796875,-110.35156,-272.94922
5562256963161,7.652238674,65.91797,-110.15625,-273.04688
5562277012844,7.672288357,65.91797,-111.13281,-272.85156
5562297062527,7.69233804,66.015625,-111.81641,-271.97266
5562317112209,7.712387722,65.72266,-112.20703,-271.875
5562337161893,7.732437406,65.33203,-112.30469,-271.6797
5562357211576,7.752487089,65.625,-112.5,-272.0703
5562377261259,7.772536772,64.453125,-113.28125,-272.26562
5562397310942,7.792586455,64.16016,-113.76953,-271.875
5562417391142,7.812666655,64.0625,-113.76953,-271.875
5562437440825,7.832716338,63.476562,-113.86719,-271.48438
5562457490508,7.852766021,63.183594,-114.25781,-271.28906
5562477540191,7.872815704,62.20703,-114.0625,-271.09375
5562497589873,7.892865386,61.23047,-113.86719,-269.82422
5562517639556,7.912915069,61.71875,-115.234375,-270.01953
5562537719757,7.93299527,61.816406,-115.82031,-269.53125
5562557769439,7.953044952,62.109375,-116.30859,-270.01953
5562577819122,7.973094635,61.914062,-116.796875,-269.33594
5562597868805,7.993144318,62.304688,-116.89453,-269.33594
5562617918488,8.013194001,62.695312,-117.48047,-268.9453
5562637968171,8.033243684,62.402344,-117.578125,-268.84766
5562658017855,8.053293368,62.98828,-117.48047,-268.84766
5562678067537,8.07334305,63.085938,-118.45703,-268.65234
5562698117220,8.093392733,63.085938,-118.45703,-268.45703
5562718166903,8.113442416,62.20703,-117.1875,-267.48047
5562738216586,8.133492099,63.671875,-117.48047,-268.84766
5562758266269,8.153541782,63.57422,-116.60156,-268.16406
5562778315952,8.173591465,64.16016,-116.796875,-268.35938
5562798365635,8.193641148,63.476562,-116.11328,-267.3828
5562818445835,8.213721348,64.74609,-116.40625,-267.48047
5562838495518,8.233771031,63.867188,-116.40625,-266.60156
5562858545200,8.253820713,65.42969,-117.48047,-268.26172
5562878594883,8.273870396,65.82031,-116.89453,-267.1875
5562898644567,8.29392008,65.625,-117.1875,-267.57812
5562918724767,8.31400028,65.91797,-116.89453,-267.48047
5562938774449,8.334049962,65.52734,-117.28516,-267.1875
5562958824132,8.354099645,65.42969,-116.89453,-267.28516
5562978873816,8.374149329,65.234375,-116.99219,-266.89453
5562998923499,8.394199012,66.11328,-116.89453,-266.69922
5563018973182,8.414248695,66.11328,-117.28516,-266.79688
5563039022865,8.434298378,65.72266,-117.38281,-266.11328
5563059072547,8.45434806,65.52734,-117.578125,-266.60156
5563079091714,8.474367227,65.42969,-117.48047,-265.72266
5563099141396,8.494416909,65.91797,-117.08984,-265.33203
5563119191079,8.514466592,64.55078,-116.99219,-265.23438
5563139240762,8.534516275,64.55078,-117.38281,-265.03906
5563159290445,8.554565958,65.234375,-117.77344,-265.8203
5563179340129,8.574615642,64.94141,-117.96875,-264.7461
5563199389812,8.594665325,64.64844,-117.67578,-264.7461
5563219439494,8.614715007,65.03906,-118.359375,-264.84375
5563239489177,8.63476469,64.94141,-118.55469,-264.16016
5563259538860,8.654814373,65.13672,-118.65234,-264.55078
5563279588543,8.674864056,65.42969,-118.45703,-264.45312
5563299638226,8.694913739,65.33203,-118.359375,-263.3789
5563319687909,8.714963422,65.33203,-118.359375,-263.57422
5563339737592,8.735013105,65.42969,-118.65234,-263.96484
5563359787275,8.755062788,64.94141,-118.06641,-263.67188
5563379836958,8.775112471,64.453125,-118.55469,-263.96484
5563399886641,8.795162154,64.0625,-118.45703,-263.8672
5563419936324,8.815211837,64.25781,-118.65234,-263.57422
5563439986007,8.83526152,63.085938,-118.65234,-262.3047
5563460035689,8.855311202,64.16016,-119.04297,-262.98828
5563480085373,8.875360886,63.76953,-119.43359,-263.28125
5563500135056,8.895410569,63.085938,-118.26172,-263.08594
5563520184739,8.915460252,62.98828,-118.65234,-262.89062
5563540234422,8.935509935,62.597656,-119.43359,-262.89062
5563560284104,8.955559617,62.5,-119.72656,-263.28125
5563580364305,8.975639818,62.890625,-119.62891,-262.6953
5563600383470,8.995658983,62.597656,-120.01953,-262.40234
5563620433153,9.015708666,62.304688,-120.21484,-261.8164
5563640482837,9.03575835,62.597656,-119.921875,-262.5
5563660532520,9.055808033,63.085938,-120.41016,-262.01172
5563680582202,9.075857715,62.597656,-120.703125,-261.8164
5563700662402,9.095937915,62.5,-120.60547,-261.1328
5563720712086,9.115987599,63.085938,-120.80078,-261.03516
5563740731251,9.136006764,63.183594,-120.41016,-261.32812
5563760780934,9.156056447,62.890625,-119.62891,-260.44922
5563780830618,9.176106131,62.695312,-119.43359,-259.96094
5563800880300,9.196155813,64.25781,-120.11719,-260.83984
5563820929983,9.216205496,64.35547,-120.3125,-260.2539
5563840979666,9.236255179,64.453125,-120.21484,-259.96094
5563861029349,9.256304862,64.84375,-120.703125,-260.2539
5563881079032,9.276354545,65.33203,-119.53125,-261.1328
5563901128715,9.296404228,65.625,-119.23828,-260.83984
5563921178397,9.31645391,65.91797,-118.55469,-261.32812
5563941258598,9.336534111,66.21094,-117.87109,-261.1328
5563961308281,9.356583794,65.82031,-118.45703,-261.42578
5563981357963,9.376633476,66.40625,-118.359375,-261.71875
5564001407646,9.396683159,67.08984,-118.45703,-261.32812
5564021457330,9.416732843,67.1875,-117.96875,-261.32812
5564041507013,9.436782526,67.67578,-117.87109,-261.91406
5564061587212,9.456862725,67.28516,-117.48047,-262.01172
5564081636895,9.476912408,67.08984,-116.796875,-261.1328
5564101686579,9.496962092,66.60156,-117.08984,-261.52344
5564121736262,9.517011775,67.87109,-117.38281,-262.01172
5564141785945,9.537061458,67.67578,-116.89453,-261.42578
5564161835627,9.55711114,67.87109,-117.28516,-262.01172
5564181915828,9.577191341,67.48047,-117.1875,-261.91406
5564201965511,9.597241024,68.26172,-117.48047,-261.91406
5564222015194,9.617290707,68.84766,-116.99219,-261.8164
5564242064876,9.637340389,68.94531,-116.99219,-260.64453
5564262114559,9.657390072,69.62891,-117.48047,-261.42578
5564282164242,9.677439755,68.65234,-117.28516,-261.23047
5564302213925,9.697489438,69.33594,-117.67578,-261.1328
5564322263609,9.717539122,69.140625,-117.1875,-260.7422
5564342313292,9.737588805,69.82422,-117.48047,-260.54688
5564362362974,9.757638487,70.21484,-117.578125,-261.1328
5564382412657,9.77768817,70.41016,-118.16406,-260.0586
5564402462340,9.797737853,69.23828,-118.26172,-259.375
5564422542540,9.817818053,68.94531,-117.96875,-259.66797
5564442592223,9.837867736,69.33594,-117.96875,-259.47266
5564462641906,9.857917419,69.82422,-117.87109,-259.27734
5564482691589,9.877967102,71.484375,-117.578125,-260.44922
5564502741272,9.898016785,71.58203,-117.578125,-261.03516
5564522790955,9.918066468,71.67969,-116.99219,-261.03516
5564542840637,9.93811615,71.67969,-117.48047,-261.03516
5564562859804,9.958135317,71.97266,-117.67578,-260.2539
5564582909486,9.978184999,72.55859,-117.96875,-259.66797
5564602959169,9.998234682,72.65625,-117.87109,-260.44922
5564623008853,10.018284366,72.265625,-118.06641,-260.35156
5564643058536,10.038334049,72.265625,-118.359375,-260.44922
5564663138735,10.058414248,71.77734,-118.359375,-260.9375
5564683188418,10.078463931,71.484375,-118.65234,-260.9375
5564703238102,10.098513615,71.484375,-118.65234,-260.64453
5564723287785,10.118563298,70.21484,-118.45703,-259.86328
5564743337468,10.138612981,69.82422,-117.77344,-259.47266
5564763356633,10.158632146,69.62891,-118.45703,-259.47266
5564783406317,10.17868183,69.43359,-118.16406,-258.30078
5564803456000,10.198731513,69.921875,-119.04297,-258.6914
5564823505682,10.218781195,68.75,-118.65234,-257.91016
5564843524849,10.238800362,70.50781,-120.01953,-258.88672
5564863605048,10.258880561,70.41016,-120.01953,-259.27734
5564883624214,10.278899727,69.921875,-119.72656,-258.88672
5564903673897,10.29894941,70.41016,-119.82422,-259.1797
5564923723580,10.318999093,69.921875,-120.11719,-258.78906
5564943773263,10.339048776,68.26172,-119.23828,-257.22656
5564963822946,10.359098459,69.04297,-120.41016,-258.0078
5564983842112,10.379117625,68.84766,-121.19141,-257.71484
5565003891795,10.399167308,68.55469,-120.60547,-258.20312
5565023941478,10.419216991,67.578125,-120.50781,-258.6914
5565043991160,10.439266673,67.48047,-120.11719,-258.39844
5565064040844,10.459316357,67.08984,-119.62891,-258.6914
5565084090527,10.47936604,65.52734,-120.11719,-259.1797
5565104140210,10.499415723,65.42969,-119.72656,-259.1797
5565124189893,10.519465406,64.35547,-119.72656,-259.1797
5565144239575,10.539515088,62.98828,-119.140625,-257.91016
5565164289258,10.559564771,64.35547,-119.82422,-258.98438
5565184338941,10.579614454,63.867188,-119.82422,-259.66797
5565204388625,10.599664138,63.085938,-119.82422,-259.27734
5565224438308,10.619713821,63.476562,-119.921875,-259.5703
5565244487991,10.639763504,62.79297,-119.23828,-259.5703
5565264537673,10.659813186,62.5,-119.23828,-259.66797
5565284587356,10.679862869,62.890625,-119.23828,-259.86328
5565304637039,10.699912552,63.57422,-119.82422,-259.1797
5565324686722,10.719962235,64.55078,-120.21484,-258.20312
5565344736405,10.740011918,64.64844,-120.41016,-256.83594
5565364786089,10.760061602,64.16016,-119.53125,-256.73828
5565384866288,10.780141801,63.671875,-118.84766,-257.1289
5565404915971,10.800191484,64.25781,-119.82422,-257.51953
5565424965654,10.820241167,64.74609,-120.99609,-257.42188
5565445015337,10.84029085,64.64844,-121.19141,-257.1289
5565465065020,10.860340533,63.76953,-121.67969,-256.54297
5565485114703,10.880390216,63.183594,-121.77734,-256.64062
5565505164386,10.900439899,62.304688,-121.77734,-257.32422
5565525214069,10.920489582,61.132812,-121.77734,-258.0078
5565545263752,10.940539265,60.44922,-121.38672,-258.30078
5565565313434,10.960588947,60.058594,-121.28906,-257.6172
5565585363118,10.980638631,58.789062,-121.19141,-258.59375
5565605443318,11.000718831,58.496094,-121.484375,-257.8125
5565625493001,11.020768514,57.128906,-121.58203,-258.59375
5565645542683,11.040818196,56.933594,-120.80078,-259.47266
5565665592367,11.06086788,56.73828,-120.50781,-259.66797
5565685642050,11.080917563,55.17578,-119.33594,-259.76562
5565705691733,11.100967246,54.98047,-119.62891,-259.66797
5565725741416,11.121016929,55.95703,-120.01953,-260.54688
5565745791098,11.141066611,55.95703,-119.23828,-261.1328
5565765840781,11.161116294,55.273438,-119.921875,-259.76562
5565785890464,11.181165977,55.17578,-119.33594,-259.76562
5565806001181,11.201276694,54.882812,-120.41016,-260.0586
5565826050864,11.221326377,54.6875,-120.703125,-260.44922
5565846100548,11.241376061,55.078125,-120.80078,-260.15625
5565866150231,11.261425744,54.785156,-120.89844,-259.5703
5565886199913,11.281475426,54.882812,-120.60547,-260.35156
5565906280113,11.301555626,54.98047,-120.89844,-259.47266
5565926329797,11.32160531,54.98047,-120.99609,-260.83984
5565946379479,11.341654992,54.785156,-120.80078,-260.54688
5565966429162,11.361704675,54.589844,-120.01953,-261.1328
5565986478845,11.381754358,53.61328,-120.11719,-260.35156
5566006528528,11.401804041,53.61328,-119.62891,-259.375
5566026578211,11.421853724,53.90625,-119.82422,-259.47266
5566046658411,11.441933924,53.027344,-119.140625,-259.375
5566066708094,11.461983607,54.882812,-120.21484,-260.35156
5566086757777,11.48203329,55.371094,-120.60547,-259.47266
5566106807460,11.502082973,55.46875,-120.3125,-260.35156
5566126857143,11.522132656,55.371094,-120.80078,-260.0586
5566146906826,11.542182339,55.76172,-120.80078,-260.15625
5566166956509,11.562232022,55.566406,-119.62891,-259.47266
5566187006192,11.582281705,56.054688,-120.80078,-258.6914
5566207055875,11.602331388,55.95703,-120.60547,-260.0586
5566227105558,11.622381071,56.640625,-120.703125,-259.66797
5566247155240,11.642430753,56.933594,-121.77734,-258.88672
5566267204923,11.662480436,56.73828,-121.67969,-258.0078
5566287254606,11.682530119,57.51953,-121.77734,-259.08203
5566307304290,11.702579803,57.617188,-121.484375,-259.47266
5566327353973,11.722629486,56.54297,-120.50781,-258.4961
5566347403656,11.742679169,58.398438,-120.41016,-259.96094
5566367453338,11.762728851,58.30078,-120.11719,-260.44922
5566387503021,11.782778534,58.59375,-120.21484,-259.5703
5566407552704,11.802828217,58.30078,-120.99609,-260.64453
5566427602387,11.8228779,58.203125,-120.21484,-260.44922
5566447652071,11.842927584,58.007812,-119.921875,-261.23047
5566467701754,11.862977267,58.203125,-118.65234,-261.6211
5566487751436,11.883026949,58.398438,-119.23828,-261.71875
5566507831636,11.903107149,59.277344,-119.53125,-262.5
5566527881320,11.923156833,59.765625,-119.04297,-261.8164
5566547931002,11.943206515,59.960938,-118.55469,-262.3047
5566567980685,11.963256198,59.960938,-117.96875,-262.40234
5566588030368,11.983305881,60.839844,-118.26172,-261.8164
5566608080051,12.003355564,60.64453,-117.87109,-262.20703
5566628129734,12.023405247,61.035156,-118.06641,-261.23047
5566648179417,12.04345493,60.546875,-118.359375,-260.7422
5566668229099,12.063504612,61.23047,-118.65234,-260.64453
5566688278783,12.083554296,61.23047,-119.140625,-261.23047
5566708328466,12.103603979,61.621094,-119.23828,-261.1328
5566728378149,12.123653662,61.42578,-119.53125,-261.03516
5566748427832,12.143703345,61.71875,-120.01953,-260.7422
5566768508032,12.163783545,60.742188,-119.62891,-260.7422
5566788588232,12.183863745,61.328125,-120.3125,-261.23047
5566808637914,12.203913427,60.44922,-120.21484,-260.35156
5566828687597,12.22396311,59.66797,-120.01953,-260.54688
5566848737281,12.244012794,60.058594,-120.21484,-260.7422
5566868786964,12.264062477,59.277344,-120.50781,-260.9375
5566888836647,12.28411216,59.472656,-120.60547,-260.44922
5566908886330,12.304161843,59.179688,-120.99609,-260.44922
5566928936012,12.324211525,59.08203,-121.19141,-261.1328
5566948985695,12.344261208,59.277344,-120.60547,-261.1328
5566969035378,12.364310891,57.617188,-120.3125,-260.2539
5566989085062,12.384360575,57.617188,-120.89844,-262.5
5567009134745,12.404410258,57.51953,-120.41016,-262.59766
5567029184428,12.424459941,56.933594,-119.82422,-263.3789
5567049234110,12.444509623,56.835938,-119.82422,-263.76953
5567069283793,12.464559306,56.73828,-119.33594,-264.2578
5567089333476,12.484608989,56.933594,-118.75,-264.0625
5567109383159,12.504658672,57.32422,-118.16406,-265.52734
5567129432842,12.524708355,58.007812,-117.578125,-265.625
5567149482525,12.544758038,58.10547,-116.796875,-266.11328
5567169532208,12.564807721,58.496094,-116.30859,-266.79688
5567189581891,12.584857404,58.789062,-115.91797,-266.11328
5567209631574,12.604907087,59.472656,-115.82031,-266.5039
5567229681257,12.62495677,59.765625,-116.21094,-266.5039
5567249730940,12.645006453,59.86328,-116.11328,-266.5039
5567269780622,12.665056135,59.277344,-116.40625,-266.40625
5567289830306,12.685105819,58.398438,-115.91797,-266.3086
5567309879989,12.705155502,59.277344,-116.30859,-267.48047
5567329929672,12.725205185,59.472656,-116.015625,-267.1875
5567350009871,12.745285384,59.179688,-115.72266,-266.89453
5567370029038,12.765304551,59.08203,-116.796875,-267.08984
5567390109238,12.785384751,58.496094,-116.89453,-266.69922
5567410158921,12.805434434,58.30078,-116.89453,-267.57812
5567430208604,12.825484117,58.496094,-116.99219,-266.9922
5567450258286,12.845533799,58.007812,-117.1875,-266.5039
5567470307969,12.865583482,58.10547,-117.67578,-267.57812
5567490357652,12.885633165,57.617188,-117.578125,-266.01562
5567510407335,12.905682848,57.32422,-117.77344,-266.9922
5567530457019,12.925732532,57.226562,-117.87109,-266.79688
5567550506702,12.945782215,56.933594,-117.48047,-266.9922
5567570556384,12.965831897,56.152344,-117.96875,-266.21094
5567590636584,12.985912097,55.566406,-118.75,-267.57812
5567610686268,13.005961781,54.19922,-116.99219,-264.7461
5567630735951,13.026011464,53.710938,-116.99219,-265.33203
5567650785633,13.046061146,55.17578,-118.26172,-266.40625
5567670835316,13.066110829,55.17578,-118.94531,-266.5039
5567690884999,13.086160512,54.6875,-118.84766,-266.11328
5567710934682,13.106210195,55.273438,-119.62891,-266.5039
5567730953848,13.126229361,55.078125,-119.53125,-265.8203
5567751003531,13.146279044,54.589844,-119.33594,-265.91797
5567771053214,13.166328727,54.6875,-120.50781,-264.84375
5567790734791,13.186010304,54.589844,-120.21484,-264.9414
5567810784474,13.206059987,55.078125,-120.99609,-263.67188
5567830895191,13.226170704,55.273438,-120.99609,-263.67188
5567850944874,13.246220387,55.371094,-121.484375,-264.2578
5567870994557,13.26627007,55.078125,-121.09375,-264.16016
5567891044239,13.286319752,54.589844,-120.703125,-264.55078
5567911093923,13.306369436,54.785156,-120.50781,-265.13672
5567931143606,13.326419119,54.296875,-119.62891,-264.64844
5567951193289,13.346468802,53.808594,-119.82422,-264.55078
5567971242972,13.366518485,51.660156,-119.23828,-263.57422
5567991292655,13.386568168,52.734375,-120.11719,-264.9414
5568011342337,13.40661785,52.734375,-119.43359,-264.55078
5568031422538,13.426698051,51.85547,-119.53125,-264.64844
5568051472221,13.446747734,51.953125,-119.33594,-264.64844
5568071521903,13.466797416,52.34375,-119.72656,-264.7461
5568091571586,13.486847099,51.85547,-119.33594,-264.35547
5568111621269,13.506896782,51.26953,-119.23828,-264.64844
5568131670953,13.526946466,50.878906,-119.04297,-264.0625
5568151720636,13.546996149,50.976562,-118.45703,-264.9414
5568171770319,13.567045832,50.78125,-119.04297,-264.35547
5568191820001,13.587095514,50.878906,-119.04297,-264.64844
5568211869684,13.607145197,50.683594,-119.53125,-264.64844
5568231919367,13.62719488,50.683594,-119.140625,-263.96484
5568251969050,13.647244563,50.0,-118.45703,-263.28125
5568272018733,13.667294246,50.390625,-119.33594,-263.8672
5568292068417,13.68734393,50.195312,-119.53125,-263.8672
5568312118099,13.707393612,50.195312,-119.23828,-264.0625
5568332167782,13.727443295,49.804688,-119.72656,-263.1836
5568352217465,13.747492978,49.121094,-119.43359,-262.98828
5568372267148,13.767542661,49.804688,-119.62891,-262.79297
5568392316831,13.787592344,48.92578,-119.62891,-262.40234
5568412366514,13.807642027,48.73047,-119.72656,-262.6953
5568432446714,13.827722227,48.535156,-119.921875,-262.40234
5568452496397,13.84777191,48.14453,-120.41016,-261.91406
5568472546080,13.867821593,47.16797,-120.11719,-261.71875
5568492595762,13.887871275,47.16797,-120.01953,-261.71875
5568512645446,13.907920959,46.679688,-119.82422,-261.71875
5568532695129,13.927970642,46.58203,-119.72656,-262.59766
5568552744812,13.948020325,46.09375,-120.01953,-261.52344
5568572763977,13.96803949,45.60547,-119.140625,-260.54688
5568592813661,13.988089174,45.703125,-119.53125,-261.23047
5568612863344,14.008138857,45.01953,-119.72656,-260.35156
5568632913027,14.02818854,44.140625,-118.84766,-259.66797
5568652962709,14.048238222,45.214844,-119.921875,-260.9375
5568673012392,14.068287905,45.60547,-119.43359,-261.23047
5568693062075,14.088337588,45.214844,-119.43359,-261.1328
5568713111758,14.108387271,45.3125,-118.359375,-260.54688
5568733161442,14.128436955,45.507812,-118.75,-261.42578
5568753211125,14.148486638,45.214844,-118.359375,-260.9375
5568773260807,14.16853632,44.433594,-118.16406,-261.23047
5568793310490,14.188586003,44.628906,-117.67578,-260.9375
5568813360173,14.208635686,44.433594,-116.60156,-261.32812
5568833470890,14.228746403,45.507812,-117.96875,-262.20703
5568853520573,14.248796086,45.80078,-118.16406,-262.3047
5568873570256,14.268845769,45.703125,-118.26172,-262.98828
5568893619940,14.288895453,45.60547,-118.06641,-262.3047
5568913639105,14.308914618,45.898438,-118.06641,-262.3047
5568933688788,14.328964301,45.410156,-118.26172,-262.59766
5568953738470,14.349013983,45.703125,-118.65234,-262.20703
5568973788154,14.369063667,45.3125,-118.84766,-262.20703
5568993837837,14.38911335,45.703125,-118.16406,-262.5
5569013887520,14.409163033,46.484375,-118.26172,-262.98828
5569033937203,14.429212716,46.38672,-117.87109,-262.40234
5569053986886,14.449262399,46.679688,-118.26172,-262.6953
5569074036568,14.469312081,46.679688,-118.16406,-262.89062
5569094086251,14.489361764,46.972656,-117.96875,-262.59766
5569114135935,14.509411448,47.16797,-117.96875,-263.08594
5569134155100,14.529430613,47.16797,-118.26172,-262.6953
5569154204783,14.549480296,47.460938,-117.77344,-262.98828
5569174254467,14.56952998,46.777344,-117.96875,-263.28125
5569194304150,14.589579663,47.265625,-118.06641,-262.79297
5569214353833,14.609629346,47.265625,-118.55469,-263.1836
5569234403516,14.629679029,46.972656,-118.45703,-263.28125
5569254453198,14.649728711,47.460938,-117.87109,-262.5
5569274472365,14.669747878,47.65625,-117.38281,-262.98828
5569294522047,14.68979756,47.460938,-116.796875,-262.6953
5569314571730,14.709847243,46.679688,-117.1875,-263.08594
5569334651931,14.729927444,47.36328,-116.11328,-262.6953
5569354701613,14.749977126,46.972656,-115.42969,-262.59766
5569374720779,14.769996292,47.460938,-116.50391,-263.3789
5569394770463,14.790045976,47.16797,-116.89453,-262.59766
5569414820145,14.810095658,47.94922,-117.578125,-263.28125
5569434869828,14.830145341,47.558594,-116.40625,-263.67188
5569454919511,14.850195024,47.265625,-116.21094,-263.08594
5569474969194,14.870244707,47.753906,-116.99219,-263.57422
5569495018877,14.89029439,47.460938,-116.30859,-262.98828
5569515038043,14.910313556,47.851562,-117.28516,-263.47656
5569535087726,14.930363239,47.65625,-117.67578,-262.89062
5569555137409,14.950412922,47.65625,-116.89453,-263.3789
5569575187091,14.970462604,47.65625,-117.08984,-263.76953
5569595236774,14.990512287,47.558594,-116.796875,-262.98828
5569615255941,15.010531454,47.94922,-117.48047,-264.0625
5569635305623,15.030581136,47.36328,-116.99219,-263.76953
5569655355306,15.050630819,46.38672,-116.015625,-263.1836
5569675404990,15.070680503,47.36328,-116.11328,-263.1836
5569695454673,15.090730186,47.265625,-115.42969,-263.57422
